Voter 1,Voter 2,Voter 3,Voter 4,Voter 5,Voter 6,Voter 7,Voter 8,Voter 9,Voter 10,Voter 11,Voter 12,Voter 13,Voter 14,Voter 15,Voter 16,Voter 17,Voter 18,Voter 19,Voter 20,Voter 21,Voter 22,Voter 23,Voter 24,Voter 25,Voter 26,Voter 27,Voter 28,Voter 29,Voter 30,Voter 31,Voter 32,Voter 33,Voter 34,Voter 35,Voter 36,Voter 37,Voter 38,Voter 39,Voter 40,Voter 41,Voter 42,Voter 43,Voter 44,Voter 45,Voter 46,Voter 47,Voter 48,Voter 49,Voter 50,Voter 51,Voter 52,Voter 53,Voter 54,Voter 55,Voter 56,Voter 57,Voter 58,Voter 59,Voter 60,Voter 61,Voter 62,Voter 63,Voter 64,Voter 65,Voter 66,Voter 67,Voter 68,Voter 69,Voter 70,Voter 71,Voter 72,Voter 73,Voter 74,Voter 75,Voter 76,Voter 77,Voter 78,Voter 79,Voter 80,Voter 81,Voter 82,Voter 83,Voter 84,Voter 85,Voter 86,Voter 87,Voter 88,Voter 89,Voter 90,Voter 91,Voter 92,Voter 93,Voter 94,Voter 95,Voter 96,Voter 97,Voter 98,Voter 99,Voter 100,Voter 101,Voter 102,Voter 103,Voter 104,Voter 105,Voter 106,Voter 107,Voter 108,Voter 109,Voter 110,Voter 111,Voter 112,Voter 113,Voter 114,Voter 115,Voter 116,Voter 117,Voter 118,Voter 119,Voter 120,Voter 121,Voter 122,Voter 123,Voter 124,Voter 125,Voter 126,Voter 127,Voter 128,Voter 129,Voter 130,Voter 131,Voter 132,Voter 133,Voter 134,Voter 135,Voter 136,Voter 137,Voter 138,Voter 139,Voter 140,Voter 141,Voter 142,Voter 143,Voter 144,Voter 145,Voter 146,Voter 147,Voter 148,Voter 149,Voter 150,Voter 151,Voter 152,Voter 153,Voter 154,Voter 155,Voter 156,Voter 157,Voter 158,Voter 159,Voter 160,Voter 161,Voter 162,Voter 163,Voter 164,Voter 165,Voter 166,Voter 167,Voter 168,Voter 169,Voter 170,Voter 171,Voter 172,Voter 173,Voter 174,Voter 175,Voter 176,Voter 177,Voter 178,Voter 179,Voter 180,Voter 181,Voter 182,Voter 183,Voter 184,Voter 185,Voter 186,Voter 187,Voter 188,Voter 189,Voter 190,Voter 191,Voter 192,Voter 193,Voter 194,Voter 195,Voter 196,Voter 197,Voter 198,Voter 199,Voter 200,Voter 201,Voter 202,Voter 203,Voter 204,Voter 205,Voter 206,Voter 207,Voter 208,Voter 209,Voter 210,Voter 211,Voter 212,Voter 213,Voter 214,Voter 215,Voter 216,Voter 217,Voter 218,Voter 219,Voter 220,Voter 221,Voter 222,Voter 223,Voter 224,Voter 225,Voter 226,Voter 227,Voter 228,Voter 229,Voter 230,Voter 231,Voter 232,Voter 233,Voter 234,Voter 235,Voter 236,Voter 237,Voter 238,Voter 239,Voter 240,Voter 241,Voter 242,Voter 243,Voter 244,Voter 245,Voter 246,Voter 247,Voter 248,Voter 249,Voter 250,Voter 251,Voter 252,Voter 253,Voter 254,Voter 255,Voter 256,Voter 257,Voter 258,Voter 259,Voter 260,Voter 261,Voter 262,Voter 263,Voter 264,Voter 265,Voter 266,Voter 267,Voter 268,Voter 269,Voter 270,Voter 271,Voter 272,Voter 273,Voter 274,Voter 275,Voter 276,Voter 277,Voter 278,Voter 279,Voter 280,Voter 281,Voter 282,Voter 283,Voter 284,Voter 285,Voter 286,Voter 287,Voter 288,Voter 289,Voter 290,Voter 291,Voter 292,Voter 293,Voter 294,Voter 295,Voter 296,Voter 297,Voter 298,Voter 299,Voter 300,Voter 301,Voter 302,Voter 303,Voter 304,Voter 305,Voter 306,Voter 307,Voter 308,Voter 309,Voter 310,Voter 311,Voter 312,Voter 313,Voter 314,Voter 315,Voter 316,Voter 317,Voter 318,Voter 319,Voter 320,Voter 321,Voter 322,Voter 323,Voter 324,Voter 325,Voter 326,Voter 327,Voter 328,Voter 329,Voter 330,Voter 331,Voter 332,Voter 333,Voter 334,Voter 335,Voter 336,Voter 337,Voter 338,Voter 339,Voter 340,Voter 341,Voter 342,Voter 343,Voter 344,Voter 345,Voter 346,Voter 347,Voter 348,Voter 349,Voter 350,Voter 351,Voter 352,Voter 353,Voter 354,Voter 355,Voter 356,Voter 357,Voter 358,Voter 359,Voter 360,Voter 361,Voter 362,Voter 363,Voter 364,Voter 365,Voter 366,Voter 367,Voter 368,Voter 369,Voter 370,Voter 371,Voter 372,Voter 373,Voter 374,Voter 375,Voter 376,Voter 377,Voter 378,Voter 379,Voter 380,Voter 381,Voter 382,Voter 383,Voter 384,Voter 385,Voter 386,Voter 387,Voter 388,Voter 389,Voter 390,Voter 391,Voter 392,Voter 393,Voter 394,Voter 395,Voter 396,Voter 397,Voter 398,Voter 399,Voter 400,Voter 401,Voter 402,Voter 403,Voter 404,Voter 405,Voter 406,Voter 407,Voter 408,Voter 409,Voter 410,Voter 411,Voter 412,Voter 413,Voter 414,Voter 415,Voter 416,Voter 417,Voter 418,Voter 419,Voter 420,Voter 421,Voter 422,Voter 423,Voter 424,Voter 425,Voter 426,Voter 427,Voter 428,Voter 429,Voter 430,Voter 431,Voter 432,Voter 433,Voter 434,Voter 435,Voter 436,Voter 437,Voter 438,Voter 439,Voter 440,Voter 441,Voter 442,Voter 443,Voter 444,Voter 445,Voter 446,Voter 447,Voter 448,Voter 449,Voter 450,Voter 451,Voter 452,Voter 453,Voter 454,Voter 455,Voter 456,Voter 457,Voter 458,Voter 459,Voter 460,Voter 461,Voter 462,Voter 463,Voter 464,Voter 465,Voter 466,Voter 467,Voter 468,Voter 469,Voter 470,Voter 471,Voter 472,Voter 473,Voter 474,Voter 475,Voter 476,Voter 477,Voter 478,Voter 479,Voter 480,Voter 481,Voter 482,Voter 483,Voter 484,Voter 485,Voter 486,Voter 487,Voter 488,Voter 489,Voter 490,Voter 491,Voter 492,Voter 493,Voter 494,Voter 495,Voter 496,Voter 497,Voter 498,Voter 499,Voter 500,Voter 501,Voter 502,Voter 503,Voter 504,Voter 505,Voter 506,Voter 507,Voter 508,Voter 509,Voter 510,Voter 511,Voter 512,Voter 513,Voter 514,Voter 515,Voter 516,Voter 517,Voter 518,Voter 519,Voter 520,Voter 521,Voter 522,Voter 523,Voter 524,Voter 525,Voter 526,Voter 527,Voter 528,Voter 529,Voter 530,Voter 531,Voter 532,Voter 533,Voter 534,Voter 535,Voter 536,Voter 537,Voter 538,Voter 539,Voter 540,Voter 541,Voter 542,Voter 543,Voter 544,Voter 545,Voter 546,Voter 547,Voter 548,Voter 549,Voter 550,Voter 551,Voter 552,Voter 553,Voter 554,Voter 555,Voter 556,Voter 557,Voter 558,Voter 559,Voter 560,Voter 561,Voter 562,Voter 563,Voter 564,Voter 565,Voter 566,Voter 567,Voter 568,Voter 569,Voter 570,Voter 571,Voter 572,Voter 573,Voter 574,Voter 575,Voter 576,Voter 577,Voter 578,Voter 579,Voter 580,Voter 581,Voter 582,Voter 583,Voter 584,Voter 585,Voter 586,Voter 587,Voter 588,Voter 589,Voter 590,Voter 591,Voter 592,Voter 593,Voter 594,Voter 595,Voter 596,Voter 597,Voter 598,Voter 599,Voter 600,Voter 601,Voter 602,Voter 603,Voter 604,Voter 605,Voter 606,Voter 607,Voter 608,Voter 609,Voter 610,Voter 611,Voter 612,Voter 613,Voter 614,Voter 615,Voter 616,Voter 617,Voter 618,Voter 619,Voter 620,Voter 621,Voter 622,Voter 623,Voter 624,Voter 625,Voter 626,Voter 627,Voter 628,Voter 629,Voter 630,Voter 631,Voter 632,Voter 633,Voter 634,Voter 635,Voter 636,Voter 637,Voter 638,Voter 639,Voter 640,Voter 641,Voter 642,Voter 643,Voter 644,Voter 645,Voter 646,Voter 647,Voter 648,Voter 649,Voter 650,Voter 651,Voter 652,Voter 653,Voter 654,Voter 655,Voter 656,Voter 657,Voter 658,Voter 659,Voter 660,Voter 661,Voter 662,Voter 663,Voter 664,Voter 665,Voter 666,Voter 667,Voter 668,Voter 669,Voter 670,Voter 671,Voter 672,Voter 673,Voter 674,Voter 675,Voter 676,Voter 677,Voter 678,Voter 679,Voter 680,Voter 681,Voter 682,Voter 683,Voter 684,Voter 685,Voter 686,Voter 687,Voter 688,Voter 689,Voter 690,Voter 691,Voter 692,Voter 693,Voter 694,Voter 695,Voter 696,Voter 697,Voter 698,Voter 699,Voter 700,Voter 701,Voter 702,Voter 703,Voter 704,Voter 705,Voter 706,Voter 707,Voter 708,Voter 709,Voter 710,Voter 711,Voter 712,Voter 713,Voter 714,Voter 715,Voter 716,Voter 717,Voter 718,Voter 719,Voter 720,Voter 721,Voter 722,Voter 723,Voter 724,Voter 725,Voter 726,Voter 727,Voter 728,Voter 729,Voter 730,Voter 731,Voter 732,Voter 733,Voter 734,Voter 735,Voter 736,Voter 737,Voter 738,Voter 739,Voter 740,Voter 741,Voter 742,Voter 743,Voter 744,Voter 745,Voter 746,Voter 747,Voter 748,Voter 749,Voter 750,Voter 751,Voter 752,Voter 753,Voter 754,Voter 755,Voter 756,Voter 757,Voter 758,Voter 759,Voter 760,Voter 761,Voter 762,Voter 763,Voter 764,Voter 765,Voter 766,Voter 767,Voter 768,Voter 769,Voter 770,Voter 771,Voter 772,Voter 773,Voter 774,Voter 775,Voter 776,Voter 777,Voter 778,Voter 779,Voter 780,Voter 781,Voter 782,Voter 783,Voter 784,Voter 785,Voter 786,Voter 787,Voter 788,Voter 789,Voter 790,Voter 791,Voter 792,Voter 793,Voter 794,Voter 795,Voter 796,Voter 797,Voter 798,Voter 799,Voter 800,Voter 801,Voter 802,Voter 803,Voter 804,Voter 805,Voter 806,Voter 807,Voter 808,Voter 809,Voter 810,Voter 811,Voter 812,Voter 813,Voter 814,Voter 815,Voter 816,Voter 817,Voter 818,Voter 819,Voter 820,Voter 821,Voter 822,Voter 823,Voter 824,Voter 825,Voter 826,Voter 827,Voter 828,Voter 829,Voter 830,Voter 831,Voter 832,Voter 833,Voter 834,Voter 835,Voter 836,Voter 837,Voter 838,Voter 839,Voter 840,Voter 841,Voter 842,Voter 843,Voter 844,Voter 845,Voter 846,Voter 847,Voter 848,Voter 849,Voter 850,Voter 851,Voter 852,Voter 853,Voter 854,Voter 855,Voter 856,Voter 857,Voter 858,Voter 859,Voter 860,Voter 861,Voter 862,Voter 863,Voter 864,Voter 865,Voter 866,Voter 867,Voter 868,Voter 869,Voter 870,Voter 871,Voter 872,Voter 873,Voter 874,Voter 875,Voter 876,Voter 877,Voter 878,Voter 879,Voter 880,Voter 881,Voter 882,Voter 883,Voter 884,Voter 885,Voter 886,Voter 887,Voter 888,Voter 889,Voter 890,Voter 891,Voter 892,Voter 893,Voter 894,Voter 895,Voter 896,Voter 897,Voter 898,Voter 899,Voter 900,Voter 901,Voter 902,Voter 903,Voter 904,Voter 905,Voter 906,Voter 907,Voter 908,Voter 909,Voter 910,Voter 911,Voter 912,Voter 913,Voter 914,Voter 915,Voter 916,Voter 917,Voter 918,Voter 919,Voter 920,Voter 921,Voter 922,Voter 923,Voter 924,Voter 925,Voter 926,Voter 927,Voter 928,Voter 929,Voter 930,Voter 931,Voter 932,Voter 933,Voter 934,Voter 935,Voter 936,Voter 937,Voter 938,Voter 939,Voter 940,Voter 941,Voter 942,Voter 943,Voter 944,Voter 945,Voter 946,Voter 947,Voter 948,Voter 949,Voter 950,Voter 951,Voter 952,Voter 953,Voter 954,Voter 955,Voter 956,Voter 957,Voter 958,Voter 959,Voter 960,Voter 961,Voter 962,Voter 963,Voter 964,Voter 965,Voter 966,Voter 967,Voter 968,Voter 969,Voter 970,Voter 971,Voter 972,Voter 973,Voter 974,Voter 975,Voter 976,Voter 977,Voter 978,Voter 979,Voter 980,Voter 981,Voter 982,Voter 983,Voter 984,Voter 985,Voter 986,Voter 987,Voter 988,Voter 989,Voter 990,Voter 991,Voter 992,Voter 993,Voter 994,Voter 995,Voter 996,Voter 997,Voter 998,Voter 999,Voter 1000
I,S,N,H,D,T,H,W,I,R,L,G,P,F,O,R,V,T,I,D,S,W,X,P,R,V,U,B,C,M,C,Z,L,O,T,W,W,Y,C,B,C,P,J,A,F,Z,E,D,Z,J,Q,G,E,Q,O,F,Y,F,I,U,G,N,O,Q,S,O,B,G,Y,G,P,Q,P,D,B,Z,F,A,P,E,T,I,O,B,D,C,F,J,U,R,C,Q,F,R,V,Q,Q,G,H,W,C,T,R,H,C,X,P,C,N,L,A,E,R,Q,M,U,C,I,Q,F,I,N,N,O,S,I,D,C,F,J,H,O,C,P,P,P,W,F,T,Y,G,T,U,L,J,C,J,J,I,W,M,L,J,N,J,U,P,R,H,O,Y,V,C,Y,W,D,O,U,A,C,K,H,J,V,M,E,B,Q,Z,O,T,H,P,M,A,Z,Y,D,G,C,C,X,E,F,W,V,R,M,X,H,F,J,X,E,P,R,H,V,B,G,I,E,E,V,Q,T,K,H,Z,P,I,I,J,G,W,K,J,T,L,T,D,I,E,T,M,X,N,T,L,G,K,R,U,S,D,R,A,N,O,D,Q,I,W,Z,Z,V,W,L,W,R,H,R,F,L,E,J,M,O,A,M,X,I,U,U,Z,V,C,O,C,Y,Y,R,U,R,C,C,R,X,E,Z,Z,T,Y,C,J,I,Z,D,U,I,J,A,W,D,K,K,I,A,J,D,Q,C,M,W,Q,O,X,H,U,L,F,R,P,Q,F,K,T,X,H,L,L,R,O,K,H,A,W,X,E,R,J,H,M,X,W,D,R,X,W,L,X,R,I,A,F,Q,E,B,Q,I,N,W,C,C,E,A,K,J,T,W,T,F,L,N,P,Y,X,T,C,J,P,N,D,F,Y,J,E,H,L,F,M,Q,K,L,K,Y,C,M,R,U,V,A,K,H,B,Y,D,V,M,B,I,K,T,H,J,M,Y,Q,T,I,L,U,H,A,K,E,V,O,Y,R,Q,D,N,V,R,Q,Y,U,O,D,L,W,Z,M,M,L,K,U,E,D,F,D,U,F,I,T,E,U,K,K,G,S,H,O,M,D,C,Q,O,V,A,R,Q,O,A,K,H,W,L,I,B,P,T,Q,X,Y,Z,M,P,A,Q,Q,A,Q,E,R,Q,A,S,W,G,O,V,M,I,F,I,G,P,H,K,Y,G,U,U,K,L,P,N,W,X,K,E,K,Z,V,W,X,W,M,K,O,O,P,I,C,T,Z,S,U,K,F,L,W,R,E,R,C,W,R,R,F,O,P,Q,C,K,M,U,A,U,G,V,L,Q,N,T,I,L,I,J,V,V,J,U,R,O,C,T,Z,R,M,T,I,A,R,J,C,Y,E,T,Q,S,A,P,N,H,D,G,Y,P,M,B,Q,R,E,H,E,A,N,N,P,W,D,N,R,K,M,L,V,K,S,L,I,D,Y,Y,L,U,B,R,N,X,L,A,G,A,J,N,Y,Q,N,X,V,X,A,Z,T,U,J,Q,T,M,B,G,E,U,A,T,C,H,Y,Q,N,S,Q,D,N,T,L,S,G,G,O,Y,J,O,V,F,I,I,Y,E,K,H,B,Z,T,W,O,W,P,J,G,W,X,F,V,J,E,N,F,N,C,T,K,K,X,C,M,E,Y,W,B,V,E,I,Z,V,K,D,F,Z,H,J,B,Y,J,S,H,E,F,V,V,B,G,F,M,C,O,M,E,L,H,W,Q,Q,T,F,L,N,D,F,T,M,E,C,X,L,H,X,L,P,O,Y,X,D,F,D,J,M,C,K,W,V,D,M,J,N,S,X,E,A,H,P,N,F,T,E,D,Q,D,Q,C,W,O,Q,O,E,C,S,Z,V,T,C,U,F,V,T,E,N,S,F,C,J,K,X,Q,U,G,L,V,T,A,H,E,W,Z,D,R,A,M,R,F,N,D,H,G,Q,X,G,H,W,N,F,G,O,R,C,J,J,W,P,W,K,W,I,C,W,Z,A,E,N,G,R,Z,H,D,V,S,T,K,O,I,H,F,P,G,Q,H,C,T,N,Y,N,I,B,U,U,M,N,N,M,R,A,N,U,J,H,B,V,E,H,P,R,J,P,L,E,A,D,A,N,H,J,I,D,E,K,Q,W,X,Y,S,T,U,V,A,C,M,B,B,U,V,W,V,C,K,K,F,O,B,E,W,N,C,P,J,K,L,I,L,A,F,F,T,L,F,U,L,F,E,I,B,F,T,Z,H,Q,J,B,R,Y,M,U,I,V,K,S,O,U,X,J,B,L,F,S,J,O,B,F,F,L,M,H,D,Q,S,L,T
R,P,U,G,I,F,I,O,F,T,X,Y,Z,S,J,Y,P,M,Y,X,R,I,T,K,O,F,N,I,L,W,Y,M,J,W,L,S,V,U,S,J,F,Z,I,X,G,S,M,F,J,T,I,E,I,L,W,Z,H,Z,E,M,R,K,V,G,N,Z,K,V,W,N,L,F,F,R,U,B,K,J,Y,G,G,Y,Q,R,I,S,M,O,Z,W,V,H,P,G,R,K,Z,B,W,B,D,B,I,D,A,P,O,I,O,U,C,H,Q,D,V,S,V,J,O,J,W,V,C,X,O,W,L,L,I,B,E,M,I,O,O,C,P,B,K,O,K,Y,Q,Q,I,X,N,A,D,L,S,B,D,I,D,Z,I,S,L,I,A,A,Q,C,Y,G,F,S,P,Y,V,V,A,T,A,R,C,A,L,P,B,N,N,O,S,I,V,V,A,N,L,M,R,T,Q,U,Z,S,P,S,B,E,F,V,J,N,G,J,I,Y,G,W,C,X,X,M,E,Q,E,Q,U,D,C,K,X,X,L,H,Y,U,T,Y,P,W,K,W,B,H,M,S,U,Z,Z,F,G,H,N,W,N,B,T,X,U,Q,T,F,V,I,S,X,Y,Z,O,U,U,M,D,C,E,K,W,O,F,B,D,O,L,H,S,Q,G,E,Z,P,B,J,J,S,C,Y,P,F,G,P,U,B,D,Z,R,S,A,V,V,F,Y,P,C,R,V,K,C,Z,L,C,Y,Z,A,F,L,F,K,P,X,Z,B,D,S,Q,J,Z,D,V,C,Q,Q,T,C,H,I,C,U,W,G,Y,H,J,L,E,M,R,S,H,R,J,K,Z,O,I,R,R,S,E,I,P,M,P,H,N,B,S,N,R,U,Y,U,X,T,P,F,F,T,A,P,Y,O,U,R,I,Z,X,T,B,I,R,S,P,W,S,C,R,G,O,U,A,W,T,Z,E,N,Q,J,W,B,M,Z,R,T,T,N,Y,H,O,V,N,T,N,B,H,Z,B,B,T,A,G,E,J,G,P,Z,P,Y,Y,S,Q,R,J,J,S,M,A,H,U,N,W,F,Q,Z,M,E,L,W,V,V,B,J,M,T,L,D,E,H,N,U,B,H,I,Z,U,Y,P,A,F,U,S,Z,K,G,H,R,E,S,J,U,M,W,Z,L,H,V,L,H,V,S,V,L,C,V,Z,S,G,D,X,L,O,X,F,M,H,I,I,I,H,Q,E,V,E,E,B,U,B,U,F,D,O,O,R,E,E,G,H,A,T,B,A,Q,W,O,L,O,B,U,Y,R,L,N,Z,B,Y,R,I,B,L,K,Q,D,Y,V,X,E,J,U,N,N,O,X,N,X,I,J,C,O,J,E,Q,C,X,D,Z,I,W,A,G,C,Z,Z,P,L,K,F,A,N,V,M,C,U,T,D,T,N,P,J,D,A,C,R,T,Q,Y,I,N,E,T,Q,V,K,C,T,A,O,W,X,O,A,R,Z,D,Y,V,Z,K,G,D,W,F,G,F,J,N,T,W,C,I,E,I,F,N,X,H,Q,F,F,X,D,D,B,K,E,T,E,K,J,D,H,P,L,G,A,U,R,Y,Y,O,T,U,Y,Y,W,E,L,N,H,W,V,L,T,T,X,B,B,K,X,Y,C,Q,C,O,T,P,J,B,Z,I,O,S,G,P,W,H,M,O,K,G,U,X,V,V,N,A,J,M,Z,M,G,X,A,K,K,Y,H,E,B,K,I,R,H,M,E,M,K,H,C,T,P,D,E,D,D,S,I,N,Q,W,F,P,J,T,F,D,R,R,U,G,O,L,M,B,J,Y,J,J,W,K,M,O,Y,Q,L,J,J,W,Y,Z,F,Y,K,H,V,R,K,A,L,X,W,C,S,L,G,J,A,L,I,E,O,H,O,P,D,J,F,Z,B,I,P,E,G,M,N,B,G,V,E,S,K,I,X,R,R,N,V,S,U,C,X,H,J,M,U,Y,Q,M,U,F,V,J,F,Y,R,J,D,H,L,X,I,Y,L,G,B,B,M,M,G,Y,M,A,L,Q,I,E,S,W,P,Y,E,D,X,X,E,G,E,T,M,L,R,W,X,Z,Z,C,N,M,A,L,L,V,B,V,Q,Z,I,U,W,J,G,I,T,N,G,K,L,D,C,P,B,A,M,P,K,U,V,K,I,O,B,J,N,T,S,M,X,S,H,F,A,A,L,Q,D,O,H,V,U,R,P,L,H,G,Z,O,L,E,J,U,U,G,Q,L,E,B,Z,C,P,G,W,H,J,S,B,Z,M,M,E,U,Q,J,X,W,J,V,U,K,M,U,C,T,Q,T,U,C,H,A
O,H,T,F,E,C,U,Q,Y,B,T,E,T,I,H,D,F,U,V,E,N,K,J,G,A,G,K,D,P,Y,S,Q,B,N,G,J,I,O,U,V,R,T,B,P,B,X,P,O,K,Y,G,X,N,O,U,K,D,X,V,A,F,P,Q,A,E,T,E,O,B,A,G,L,C,K,R,H,O,D,I,A,Y,C,A,E,C,B,I,A,W,J,W,G,N,E,O,I,G,D,L,O,R,E,D,M,M,W,A,Z,E,J,D,U,M,T,N,E,L,V,Y,S,V,B,H,G,J,Z,I,H,R,W,S,Z,B,W,Z,Z,C,E,O,K,J,D,A,I,P,W,O,G,O,I,J,T,S,M,Q,E,C,A,G,U,V,U,L,K,Z,N,C,X,R,G,M,M,C,J,B,O,U,F,J,G,I,R,R,I,G,J,G,O,J,P,F,L,G,N,Y,A,M,X,U,W,E,Q,T,F,Y,C,Q,E,T,V,Q,J,L,Z,N,B,O,G,W,M,B,L,U,U,A,G,I,I,F,A,L,F,D,Y,R,O,T,Y,V,E,P,X,V,A,J,Y,F,Z,C,A,K,O,G,V,H,X,E,M,B,E,C,C,J,F,J,N,C,Q,L,T,A,P,R,O,Y,K,R,U,P,C,T,K,H,G,U,K,B,E,N,L,C,G,I,R,I,R,I,S,F,L,O,R,B,M,W,B,R,T,P,O,I,Q,C,H,R,E,V,K,H,C,I,O,H,C,R,S,P,T,R,J,J,Z,I,C,W,E,M,F,W,I,V,M,H,D,M,L,J,N,Y,Y,F,Z,C,N,W,J,D,S,O,H,W,L,Y,L,J,O,X,S,P,H,L,O,H,H,X,D,H,V,M,B,E,K,V,L,L,L,N,B,R,O,I,J,M,B,G,T,L,Q,E,L,S,V,C,Q,X,S,Q,Y,K,N,S,B,S,V,D,H,V,D,B,N,E,S,E,F,D,C,O,F,K,F,T,E,L,Q,V,K,M,V,T,Z,X,U,D,V,E,Z,B,B,O,W,N,G,X,Z,P,P,X,D,A,H,I,O,A,K,Q,X,P,G,F,J,F,M,N,S,N,Y,B,C,E,K,D,Y,N,N,E,P,J,A,N,O,X,O,Q,K,U,V,F,J,P,K,A,Y,T,T,F,Z,X,O,W,D,A,U,N,B,H,D,D,Z,C,H,P,U,V,M,O,Y,D,I,T,P,B,B,A,F,F,X,G,H,M,Y,C,O,Y,T,C,L,J,S,L,U,V,D,H,B,A,Y,O,F,F,W,K,N,Y,X,J,R,U,R,H,W,Y,B,C,X,W,H,A,V,F,B,B,N,G,N,B,V,K,S,A,C,B,K,R,P,D,K,E,P,X,D,X,J,C,K,L,F,B,N,O,L,S,R,C,W,B,A,Y,I,Z,G,F,G,R,O,O,O,D,P,I,T,Q,X,D,J,X,A,P,I,O,M,A,V,A,O,C,E,K,C,G,K,M,U,J,D,E,A,C,O,U,U,P,J,Y,X,M,X,V,O,C,B,L,Z,Z,X,W,W,N,B,C,K,U,C,F,Q,M,N,S,D,A,D,G,H,X,B,P,H,T,A,O,C,P,E,E,D,Q,M,M,Y,Z,F,L,J,Z,Y,Z,T,M,X,Y,R,L,K,V,V,W,A,X,I,T,Z,M,U,B,D,I,D,I,Q,U,M,V,R,C,N,T,A,O,P,J,M,W,V,X,N,R,U,P,G,K,L,P,A,Y,W,M,W,U,E,G,C,J,N,N,K,P,V,N,U,W,H,I,Z,T,C,X,R,J,O,G,I,I,U,B,X,X,F,C,D,O,I,I,T,J,L,Q,E,A,N,O,M,S,V,H,G,L,H,O,I,T,X,W,L,W,Y,F,W,F,G,M,J,P,N,I,S,J,W,Q,P,M,R,I,W,U,V,C,W,W,J,G,C,Z,N,G,O,X,O,Y,X,B,D,C,Y,K,E,P,V,E,U,X,J,C,T,A,L,E,S,N,N,V,C,E,G,S,R,C,F,A,S,F,S,G,W,Q,I,B,G,R,T,G,C,N,B,M,N,D,B,S,K,V,O,E,C,F,R,N,G,C,F,V,O,Z,V,T,O,Z,I,T,K,D,I,Q,E,V,A,Z,E,V,E,J,D,B,W,L,J,Y,B,R,Z,G,G,O,N,T,W,E,E,D,Q,B,Z,M,Q,Y,L,W,S,N,C,W,X,T,M,H,C,H,L,S,W,A,W,D,I,N,K,P,L,K,I,K,E,O,N,E,X,G,Z,Z,Q,R,R
E,R,B,Y,C,P,J,P,E,W,N,F,J,K,G,I,Z,L,S,A,M,A,E,V,B,W,O,T,F,R,L,Y,O,I,N,D,Y,K,T,S,T,R,X,F,E,K,D,S,C,V,W,O,F,S,S,L,G,C,P,Z,Q,X,H,X,P,A,C,E,I,T,Z,H,T,W,Z,T,T,C,Q,F,J,K,P,M,V,Y,U,L,F,X,M,F,G,S,J,O,H,J,Y,T,H,N,C,X,G,J,K,L,G,Z,I,F,Y,B,D,N,S,D,B,V,X,O,D,M,L,U,V,S,M,U,T,L,T,C,F,I,Y,V,V,T,S,I,H,U,B,E,Z,F,J,O,H,R,C,Y,R,V,J,F,P,Q,I,E,E,R,J,U,D,L,C,M,C,S,M,K,P,B,R,G,V,F,A,X,E,W,F,U,L,K,Y,X,W,B,H,Y,A,E,E,N,S,X,U,U,K,I,Z,Q,K,T,C,M,T,N,A,S,Z,E,U,X,F,W,J,M,Q,Z,Q,E,N,K,S,E,F,E,J,K,E,R,F,Z,N,R,A,F,T,I,Y,J,B,Y,F,U,L,V,M,B,N,S,G,V,V,D,S,K,N,H,X,T,R,H,P,U,U,T,Y,M,X,T,Y,R,B,A,Q,Q,A,O,V,B,K,P,O,M,Y,M,W,N,X,M,B,P,B,W,S,E,Z,R,C,D,S,L,N,P,K,P,X,P,N,G,H,C,V,V,U,Z,M,K,Y,A,Q,N,F,B,H,N,R,S,L,C,R,Z,Y,K,Z,Q,F,L,Z,Y,G,G,A,H,K,V,Z,Q,Q,V,Q,R,H,J,E,C,P,S,S,Z,U,B,I,B,Y,C,I,Z,G,T,Q,R,V,H,C,I,U,P,K,Q,I,M,S,M,Q,N,Y,E,B,D,J,L,H,W,Y,U,L,N,D,C,O,O,X,M,L,P,J,F,K,T,D,W,V,M,G,K,P,W,I,K,D,U,G,Y,X,G,W,N,P,U,U,M,S,U,U,G,W,A,S,D,W,E,Y,K,W,L,D,C,M,Y,W,I,W,N,H,L,B,E,C,I,R,R,X,Z,K,O,T,L,O,Z,M,P,B,O,S,S,K,D,N,O,W,U,B,W,K,A,R,B,V,I,I,T,U,C,J,C,L,Y,K,S,O,P,C,B,B,K,S,H,B,O,I,O,B,C,B,N,G,T,E,B,K,P,L,T,G,A,H,M,Q,P,W,M,V,M,E,H,J,X,U,P,G,Y,N,F,J,R,E,X,O,P,L,E,T,H,W,Z,C,J,T,S,G,Q,G,Z,T,I,L,A,Y,G,D,F,B,M,C,I,C,O,L,H,R,U,K,J,N,R,K,J,F,L,I,C,B,H,F,Y,N,B,M,S,X,R,V,T,V,M,Z,T,Y,X,A,W,Y,D,C,D,C,T,M,X,R,V,D,S,T,B,S,A,D,T,Q,O,D,P,L,B,S,A,F,R,W,X,F,Y,S,E,F,F,P,D,Z,Y,P,Y,B,V,L,G,Z,B,S,U,H,X,H,W,R,H,O,T,Q,L,G,U,T,X,C,T,B,P,Y,Z,U,K,S,X,T,Z,U,Z,W,X,F,F,I,J,B,A,H,B,A,L,W,W,O,F,C,O,N,R,L,B,F,H,E,M,R,S,G,S,O,U,F,Q,D,G,C,L,O,L,B,I,N,J,K,B,N,X,D,V,M,V,G,Y,Q,U,Z,I,S,Y,V,H,N,I,I,M,H,S,D,I,O,V,Z,N,C,A,M,N,W,T,I,S,X,N,N,V,R,E,Q,Y,K,C,T,X,S,Q,D,R,C,D,Z,L,X,Z,F,M,Z,D,O,W,D,O,Q,S,J,L,E,R,H,O,T,C,W,E,N,W,S,O,I,G,B,F,B,X,S,X,F,Z,O,V,C,Z,G,K,S,F,C,B,G,D,X,M,B,F,E,G,Q,E,B,N,S,N,K,B,S,U,C,W,C,T,W,R,J,U,X,C,L,X,X,A,F,T,N,T,M,I,X,T,G,N,W,D,W,X,R,M,H,F,N,U,W,D,Z,Y,D,X,X,H,L,L,U,W,X,N,C,O,K,B,I,D,Z,W,G,W,B,L,V,I,C,E,H,H,I,Z,O,Y,Y,C,I,J,D,L,R,H,G,D,O,S,K,G,I,I,V,O,L,K,L,X,K,L,H,M,T,J,T,J,V,X,I,O,J,P,F,Z,Z,L,S,A,S,T,M,A,K,P,C,L,E,V,G,A,N,S,C,J,Y,K,V,N,W,N,P,G,S,D
Q,A,C,X,Z,E,P,F,H,L,F,V,S,A,I,C,I,O,N,T,Y,P,P,M,N,Q,B,M,E,G,D,P,Q,Q,U,A,S,T,E,M,X,G,D,G,Y,G,T,W,D,P,E,V,W,M,L,I,I,L,Z,R,E,A,G,Y,Y,W,H,C,P,M,E,G,D,M,V,V,C,X,N,M,O,P,H,W,Z,Z,E,H,N,E,J,Z,C,J,F,X,V,P,A,R,Z,D,F,S,U,I,E,Y,X,K,T,A,G,V,K,D,X,C,R,Z,M,E,W,W,W,H,O,D,Z,C,W,J,U,A,I,M,V,A,S,Q,H,W,C,E,M,D,C,T,X,H,C,M,Z,P,C,H,O,Q,I,E,B,K,R,H,D,K,M,A,J,F,W,O,U,D,K,S,W,X,Y,N,K,S,G,S,V,M,D,J,T,K,N,D,P,S,V,L,X,C,C,Y,N,R,J,W,U,I,E,O,X,A,V,O,V,G,F,O,I,Y,M,G,C,Y,O,T,H,N,K,C,U,C,E,N,Y,H,J,Q,H,R,S,U,D,V,O,Q,N,A,J,U,I,J,D,H,Z,T,K,M,T,Q,Q,A,A,W,Y,D,M,V,T,R,Y,A,B,B,Q,L,J,U,X,P,L,R,P,C,N,B,X,H,A,L,I,O,R,K,F,W,C,U,T,K,J,F,P,Z,Y,O,R,S,P,H,X,U,U,V,A,R,E,H,W,N,K,N,G,A,B,D,M,P,L,I,O,X,M,J,S,R,V,D,U,T,J,P,A,K,R,H,G,A,M,U,I,Q,O,A,A,O,N,L,P,D,Y,A,C,U,H,A,R,K,Z,E,G,M,I,X,A,M,E,H,P,A,D,O,U,L,Y,T,C,T,D,T,Y,T,E,F,W,X,O,E,V,X,Z,M,A,N,G,O,A,G,C,R,J,F,F,C,G,B,S,V,G,I,U,Z,V,T,R,D,U,M,S,K,D,N,E,K,H,T,N,L,F,S,R,R,N,E,C,O,N,F,E,M,W,Y,Y,B,J,T,A,S,H,G,F,S,R,J,J,W,Z,E,O,Y,R,I,J,W,L,A,L,W,C,O,Q,W,N,L,C,P,K,L,Q,W,S,L,D,N,K,V,J,G,D,U,R,U,T,G,P,L,A,Y,B,E,K,N,X,V,C,E,L,M,C,E,R,N,D,Z,J,I,X,P,T,K,D,D,X,W,R,W,A,Z,M,O,O,J,P,Y,V,O,J,Q,A,X,I,Z,B,A,A,G,J,B,N,W,V,K,I,E,R,U,C,V,Z,H,C,L,P,A,X,S,L,S,F,M,W,U,H,R,J,S,K,D,N,G,R,X,Y,Z,O,M,A,W,U,J,O,P,K,O,L,S,G,X,I,G,B,Q,X,H,D,E,T,E,Z,G,B,P,N,A,S,G,U,T,N,N,A,C,P,Y,P,C,Y,O,T,U,P,B,T,L,N,N,A,M,V,K,P,N,W,N,P,L,Q,Q,E,W,L,G,W,E,J,T,D,N,W,J,B,C,Z,Q,O,A,F,Y,P,X,O,Z,J,B,V,Z,A,Z,P,B,I,Y,Q,T,F,O,S,L,Q,D,A,P,U,B,G,S,B,U,U,T,S,X,M,W,G,W,E,Y,Z,E,J,Y,S,D,G,I,B,E,D,R,E,S,G,W,X,S,C,B,O,A,O,X,G,T,Z,W,P,Z,Z,H,C,B,T,R,G,K,C,Z,J,P,Y,J,Z,V,B,T,K,M,Z,J,V,S,I,L,A,G,A,I,H,L,K,Z,C,N,W,M,U,E,T,B,V,U,C,W,P,E,O,A,K,K,T,R,R,D,F,V,J,R,H,Y,H,W,L,A,C,E,X,I,N,E,I,B,U,C,U,N,T,I,U,Q,E,P,Z,P,A,A,S,O,J,F,F,B,D,K,G,T,V,B,G,K,D,P,H,H,T,K,P,Q,A,G,U,K,M,P,B,M,B,E,G,W,Q,K,A,B,S,Y,A,B,V,W,J,R,F,O,B,P,H,E,V,F,B,V,P,D,V,V,P,W,L,Z,O,D,Z,J,A,F,P,Y,M,T,P,P,P,B,Z,U,P,W,J,U,W,F,J,R,N,H,Q,R,P,T,S,N,M,A,M,Z,J,Z,A,J,P,R,A,Y,F,V,J,E,B,L,Q,B,E,S,V,M,Z,V,F,Z,C,C,Q,S,G,F,X,P,A,U,J,L,O,P,M,G,L,A,W,P,Y,E,R,M,M,F,J,R,G,Y,P,I,T,X,S,O,L,F,I,Z,Z,Q
T,T,J,A,R,K,W,C,G,X,W,R,O,E,D,O,Q,J,P,V,G,M,Z,F,V,Z,L,X,G,B,A,H,T,G,M,V,J,E,Q,Y,K,N,N,K,U,R,S,H,H,W,V,C,J,W,E,N,U,V,F,N,O,W,Z,H,I,N,I,N,A,E,K,W,K,X,D,S,E,H,Z,R,L,S,Y,L,W,E,H,X,L,P,E,A,D,A,D,N,C,H,N,M,S,C,Y,I,S,A,X,U,H,A,E,O,L,W,G,F,Z,Y,A,R,G,P,P,J,G,C,F,E,X,Q,P,R,D,D,D,U,S,C,M,P,I,E,V,X,Y,Z,B,O,V,X,K,V,Y,E,V,R,W,J,C,V,E,G,K,D,B,P,Y,O,F,B,L,Z,L,Y,Q,C,H,E,T,L,F,F,O,F,H,W,U,R,V,F,S,O,J,U,J,D,C,H,Y,I,R,H,S,M,H,A,Z,U,E,B,Y,P,K,Q,A,H,Q,S,X,Y,W,Z,G,J,M,O,A,G,J,B,U,S,I,G,W,V,Q,K,K,Y,O,G,C,V,X,T,M,L,T,K,M,F,I,D,G,J,Y,N,T,U,R,V,E,N,K,A,X,K,F,O,O,N,V,G,S,J,S,B,U,Z,I,F,C,Z,L,N,C,N,K,D,D,J,P,S,S,D,S,M,L,Q,Y,C,N,Q,A,X,X,Y,U,M,Z,O,O,M,I,S,K,O,F,K,O,H,Y,A,P,X,D,Y,A,R,C,F,G,H,I,W,P,A,C,S,Q,P,W,V,I,W,V,O,K,J,T,G,E,Z,U,C,K,W,S,X,Z,T,E,M,D,E,G,V,C,Y,H,J,Y,E,R,G,J,X,G,M,K,M,N,N,H,N,L,N,F,C,O,P,V,C,I,F,X,R,W,K,R,R,A,L,H,W,B,J,V,O,K,M,V,D,V,C,B,B,I,A,P,I,Y,R,Y,B,E,Y,A,Z,I,C,Z,S,G,D,B,L,E,M,G,R,G,T,D,Y,D,R,D,L,A,J,M,Q,E,K,J,Z,H,Z,P,H,U,C,X,P,F,H,P,U,U,L,Y,P,P,V,G,B,T,B,M,U,B,C,M,W,T,P,D,H,C,E,W,U,T,D,A,S,M,Y,W,L,K,K,Q,D,H,V,H,J,M,O,P,P,D,H,S,D,P,O,N,V,W,Z,U,J,L,S,R,A,R,X,M,T,W,H,I,J,U,T,M,G,R,P,M,A,P,W,H,G,Z,O,M,N,K,R,H,H,Y,U,Z,V,Q,O,I,P,Q,T,J,R,L,D,Q,E,S,T,Y,L,U,P,P,T,Y,X,U,Y,M,W,F,F,C,U,D,D,X,Q,W,H,U,I,D,R,S,U,W,J,S,K,K,W,F,K,O,L,X,I,R,B,O,Q,J,M,U,C,L,R,K,H,B,I,A,E,Q,Y,N,I,Z,M,H,R,J,H,U,C,D,Z,P,Z,W,I,F,G,R,V,J,X,R,Q,Z,N,C,A,M,R,L,C,I,I,F,F,W,I,Q,E,K,U,J,D,D,O,O,T,S,E,K,D,G,M,D,T,K,I,S,N,C,F,K,Z,R,L,H,C,O,B,Y,X,D,W,N,I,A,G,E,X,R,O,H,C,G,T,W,T,Q,T,P,M,J,C,V,E,J,T,K,Y,Y,H,T,K,B,U,W,P,F,P,Z,G,C,B,B,N,F,Y,W,B,Y,W,Y,M,F,Z,C,T,D,V,X,N,N,Q,I,P,A,U,U,M,I,Z,O,T,S,B,O,W,N,D,W,G,X,I,U,O,B,V,S,J,U,V,L,W,J,V,B,Y,X,H,U,V,T,Q,I,G,Y,K,M,W,C,N,P,H,X,Q,I,U,I,T,P,P,Y,D,I,D,U,Q,G,N,G,Z,D,Q,J,T,A,T,A,I,Q,T,A,I,U,Q,T,S,A,X,O,P,B,L,O,S,H,V,O,F,T,F,L,C,A,W,B,O,G,T,R,I,B,P,T,Y,Q,H,W,I,M,K,Z,Y,X,R,E,T,X,C,J,L,O,V,I,R,I,D,E,U,T,H,I,G,W,D,S,G,V,V,V,Y,X,X,Z,T,Y,A,W,F,U,H,X,Q,Z,H,H,H,A,K,S,O,B,U,T,A,T,M,Z,H,S,N,Z,U,S,K,A,A,E,S,S,S,T,R,I,V,Z,L,A,J,M,Q,C,O,H,F,G,C,D,O,X,W,D,R,G,L,J,F,A,H,N,H,M,F,D,Y,Z,H,K,J,N,G,G,M,J,G
M,W,V,V,V,J,L,K,T,K,O,N,N,V,N,H,G,W,G,C,D,Y,V,R,P,T,Z,W,N,S,R,S,X,J,H,R,F,W,P,H,U,S,Z,W,O,Y,A,B,G,A,Y,K,T,Y,K,Q,S,N,R,E,C,V,J,D,J,U,Q,B,F,F,C,N,J,N,P,W,M,W,X,V,Q,T,T,J,J,T,W,I,E,A,P,E,B,T,X,L,L,V,B,U,L,V,H,A,D,Z,H,Q,D,X,N,M,O,H,F,A,B,P,H,W,T,W,O,E,H,P,E,Q,A,A,A,X,G,E,J,J,E,I,U,S,O,Q,I,K,G,I,T,L,R,P,L,A,K,S,N,K,Q,P,T,P,D,W,J,P,T,B,H,C,E,I,A,F,D,G,T,X,O,I,I,R,C,Y,W,R,U,G,N,W,N,V,V,F,U,C,S,P,U,D,Q,F,Z,B,I,A,V,X,X,I,A,J,X,G,I,P,U,N,W,V,S,Z,N,U,D,W,V,L,O,A,E,S,G,H,W,C,H,U,Y,S,W,J,I,E,K,G,O,S,W,B,G,M,N,S,A,O,O,P,D,U,G,Q,X,I,B,Z,C,K,K,A,M,D,I,Y,N,T,N,H,T,G,V,M,W,W,R,X,N,F,G,Q,X,J,S,Z,C,B,M,Z,W,F,C,P,N,B,K,X,B,U,G,K,G,G,N,M,N,B,O,K,L,S,M,P,T,X,S,U,T,C,U,G,X,Y,Q,S,X,G,R,Q,N,E,P,B,R,T,V,O,X,R,K,A,L,A,W,U,N,X,J,M,J,V,A,U,Q,S,R,D,N,X,W,W,S,V,J,Y,E,J,J,Q,R,C,O,V,F,Y,I,H,R,S,Q,E,W,Z,G,G,E,O,X,M,N,J,A,O,W,K,T,R,Z,Q,E,A,P,G,N,Y,K,C,Q,Y,M,V,F,F,M,N,I,J,L,Z,H,V,N,D,Z,I,C,A,M,Y,O,B,J,C,T,D,E,Z,O,N,X,O,Z,T,E,C,C,L,R,E,P,K,L,I,S,C,G,A,P,O,W,J,U,D,S,Y,O,F,C,G,E,Z,J,J,R,Z,A,W,R,Z,X,B,Q,V,I,M,Z,G,X,S,E,C,Z,D,D,H,C,E,X,X,R,X,F,C,C,E,K,D,V,G,Q,J,A,U,W,M,X,W,F,D,V,M,G,F,P,Y,T,N,R,O,Q,P,R,B,O,C,G,H,A,S,W,K,B,A,S,J,T,W,Z,D,I,L,N,F,A,K,U,Y,X,D,B,M,F,G,X,R,G,L,G,F,E,T,E,H,X,Q,H,E,E,E,W,J,H,P,G,I,V,E,Q,I,V,M,A,L,M,A,R,N,C,N,O,U,H,Z,C,N,R,K,G,M,L,D,H,C,X,U,E,H,F,P,U,D,S,X,N,K,W,Z,P,Y,G,X,M,O,U,J,F,L,Y,P,O,B,H,L,P,K,L,X,H,P,S,M,A,Q,L,N,X,J,O,I,F,X,X,U,R,E,J,G,E,E,S,F,K,R,K,G,B,B,Z,V,M,I,E,W,O,E,P,I,H,W,Y,L,Z,M,B,X,A,E,V,J,P,B,X,S,N,O,I,A,C,K,D,V,I,Z,Z,P,B,P,C,Q,S,H,P,F,C,Z,L,T,H,S,U,C,J,F,R,F,V,I,A,T,H,Q,W,K,M,F,S,U,Z,B,U,W,C,K,V,B,A,N,H,E,T,K,T,Q,R,X,X,Q,O,E,A,F,Y,R,R,Y,U,N,J,A,S,D,A,M,H,K,T,T,J,R,J,T,N,M,H,S,I,K,B,T,C,G,B,T,P,X,X,V,G,J,C,T,D,P,O,A,F,J,R,C,Z,P,H,T,Q,J,T,R,I,T,P,T,S,Z,R,S,D,E,O,A,D,O,L,N,D,P,O,L,Z,T,C,T,J,N,Y,W,S,O,U,C,F,S,S,A,U,A,I,O,C,K,L,F,K,B,O,D,H,A,F,W,R,Z,A,N,H,P,G,A,O,V,E,L,A,N,Y,F,O,K,A,D,V,C,U,W,L,L,X,J,F,P,M,N,C,J,V,F,Z,V,O,N,A,W,U,S,P,D,G,I,Q,U,F,Z,G,K,U,C,H,T,P,W,N,K,O,X,Z,B,G,J,O,F,P,Y,H,G,I,K,N,A,K,D,I,T,M,A,A,O,T,J,R,Z,A,V,O,K,Z,E,W,D,Y,D,I,O,Q,F,A,V,Y,Y,F,O,M,U,T,Z
X,I,X,N,M,A,K,U,A,M,H,Q,E,Y,L,X,T,E,A,O,P,O,M,W,E,X,H,E,X,H,K,J,N,D,X,O,O,M,J,O,O,U,M,Y,S,C,O,N,E,Z,J,P,K,A,C,G,N,B,S,P,P,D,M,U,D,Y,L,P,L,U,H,S,Q,J,X,R,A,T,D,K,M,M,J,Z,R,A,L,W,X,I,I,S,R,U,I,E,K,M,C,L,O,R,V,B,Q,N,Q,E,C,B,H,S,B,A,Z,O,M,R,N,U,B,J,T,I,Y,Q,U,X,U,L,U,G,E,Z,Y,R,Z,R,P,U,A,S,T,R,K,K,D,W,E,C,O,G,I,R,U,A,K,W,S,C,K,P,D,O,X,V,S,Z,W,X,I,W,V,P,V,M,D,L,P,X,Q,Q,V,J,K,F,J,X,I,E,M,C,W,H,E,N,G,W,F,T,W,L,L,Y,A,S,I,N,V,C,J,S,O,H,O,A,P,M,U,O,F,V,L,D,J,Y,R,B,W,X,J,P,U,P,D,F,J,D,C,B,T,C,N,R,W,U,R,M,K,G,V,A,Y,C,F,E,Z,F,A,S,M,J,M,B,N,F,H,V,V,P,S,J,X,Q,U,D,M,D,H,O,Z,J,V,K,Y,W,V,U,F,I,N,Y,T,X,G,W,J,L,E,X,G,L,R,E,Q,A,M,C,M,H,T,N,U,U,B,J,O,T,O,X,N,E,R,N,O,W,G,U,V,D,I,O,M,J,T,B,A,B,H,G,F,V,B,K,R,V,Z,D,F,O,L,J,F,P,X,H,Z,U,E,Q,D,X,G,U,Q,Q,N,I,R,Q,W,K,P,T,Q,Z,L,H,S,A,Z,T,F,E,D,I,C,W,V,S,R,D,Q,P,F,G,B,O,F,E,T,M,W,D,L,O,G,B,H,K,E,G,C,Y,Y,E,R,S,C,V,S,V,A,O,H,G,R,D,C,C,M,J,Y,J,C,F,D,W,U,B,Z,N,Y,D,V,U,P,W,T,Z,P,X,V,R,V,M,B,S,C,E,D,E,M,J,O,F,H,W,M,X,G,B,X,X,W,R,A,N,P,Z,G,V,J,L,L,G,U,I,M,G,N,L,Y,A,D,N,W,V,J,M,R,J,Y,S,D,E,A,L,D,P,J,J,Y,X,T,I,T,C,Y,A,L,B,R,Q,W,H,G,N,Z,S,S,Q,U,U,Z,Q,X,L,Y,L,J,P,A,Z,O,T,E,U,Z,Y,Y,V,U,U,M,V,V,V,C,B,S,O,M,C,M,B,D,C,I,U,E,C,B,Y,C,I,W,G,Y,Y,J,E,L,C,M,C,G,Q,G,V,U,X,Q,R,R,C,O,S,P,F,Q,D,E,L,J,Y,K,J,G,S,W,O,P,A,Q,Q,E,N,T,Y,P,Z,D,F,V,G,B,B,K,L,Z,G,K,G,B,C,X,C,R,N,H,S,B,K,R,U,D,D,B,E,O,O,K,W,R,M,L,Z,S,M,O,K,G,O,R,R,B,R,M,D,K,V,M,S,V,X,K,H,H,Q,G,Z,M,F,T,E,K,J,T,X,E,D,D,Y,R,O,B,T,S,S,C,S,W,T,E,P,V,H,U,K,F,R,R,F,A,F,G,D,D,D,A,V,M,G,Y,T,Z,L,C,U,T,Y,R,Q,L,F,V,N,D,C,N,I,U,M,V,E,F,L,P,F,I,B,K,Y,U,A,B,Y,Z,F,J,R,J,K,L,Q,L,M,U,K,L,Y,S,H,S,O,U,N,F,W,Z,P,Q,P,F,X,M,Q,S,S,K,P,X,N,E,N,I,E,I,Y,O,P,B,O,D,F,Y,E,R,C,V,H,K,L,T,V,V,F,C,K,M,J,V,M,S,X,A,L,X,U,B,V,N,D,T,N,F,W,I,Y,K,Q,H,A,M,X,R,W,F,X,Y,E,L,B,M,S,X,F,C,L,E,S,R,B,Q,D,A,T,D,Z,J,W,P,S,V,P,O,C,G,K,I,S,Q,L,Q,T,O,P,Y,I,K,A,A,N,Q,O,I,A,X,P,R,A,T,S,J,R,J,B,F,G,O,F,I,G,H,Q,U,L,X,A,U,D,K,C,L,X,J,P,G,G,U,T,J,Y,H,M,M,R,F,V,L,G,U,K,C,F,H,B,U,F,N,G,Q,U,M,O,K,C,E,B,K,W,Z,M,T,J,S,F,Y,I,I,W,A,B,B,H,L,M,H,A,Q,T,T,T,W,S,Z,U,L,V,X,C,Q,E,C,Y,E,L,E,N
B,M,Q,O,A,D,Y,G,X,S,E,X,X,B,P,M,D,B,L,B,I,S,C,T,D,R,V,A,K,U,T,I,K,V,F,F,T,G,B,X,H,W,H,H,X,V,U,C,P,C,Z,T,G,E,A,E,X,M,T,Q,W,G,S,B,M,F,S,Z,D,B,N,I,W,S,E,M,D,L,F,I,C,N,L,V,P,V,T,G,M,D,R,I,J,Z,Z,R,S,O,D,Y,M,U,S,O,V,Y,J,X,Z,T,B,I,C,Y,E,H,T,Z,S,N,O,Y,R,B,Q,B,Y,T,N,D,N,V,W,F,K,Y,B,Q,H,J,L,U,F,V,N,V,H,Q,M,Z,G,X,U,H,F,N,G,O,O,N,Z,R,M,G,L,R,U,G,H,H,O,L,Y,X,F,W,S,B,C,D,X,T,T,Z,Q,Y,O,E,O,S,J,R,Q,E,D,Q,O,Q,W,G,X,P,H,T,L,H,L,Z,O,H,A,M,G,U,C,G,C,W,N,H,X,T,B,S,D,F,D,N,K,K,A,O,A,M,G,J,V,E,J,F,Q,N,X,W,C,F,O,J,R,Y,R,G,Q,X,L,Y,J,C,C,Y,J,X,L,Q,H,X,J,Z,B,R,E,M,J,W,F,N,V,F,G,I,N,G,K,C,E,P,U,V,Y,X,T,A,N,F,A,H,X,N,Q,Y,B,Y,I,S,J,C,A,D,T,I,L,Y,R,D,F,C,B,E,T,E,J,B,Q,T,V,U,H,C,Z,W,X,L,N,X,K,H,G,K,O,X,G,E,U,I,L,T,B,F,D,S,I,I,W,M,R,R,T,J,K,C,T,A,W,O,F,Y,L,M,O,P,R,W,T,D,O,I,I,Y,Y,X,G,F,W,W,I,B,Y,S,T,A,P,T,H,S,V,Z,Y,B,Q,Q,E,T,V,V,Y,F,V,L,D,Y,U,T,U,S,B,L,J,X,D,B,W,P,M,P,X,S,C,W,L,G,N,Y,P,R,U,T,T,X,L,H,D,J,M,J,Z,O,S,L,X,R,C,P,Q,H,T,D,S,R,N,W,X,F,Y,M,H,A,D,X,Z,B,M,Z,R,Z,E,T,P,D,A,L,W,Q,O,R,O,H,O,N,V,J,Y,C,F,Z,M,Y,R,O,H,O,Z,U,N,H,S,W,T,D,O,Q,S,G,Z,T,Z,Y,G,Q,U,V,R,D,T,G,M,G,N,T,K,Q,E,D,I,Q,X,K,C,R,X,V,Z,N,U,R,B,V,Q,N,T,O,G,Z,Q,M,Y,N,Q,X,E,N,H,H,L,D,B,U,I,D,S,C,V,E,I,G,Q,W,N,J,R,O,Y,U,W,K,T,Q,A,M,C,H,P,N,N,S,K,V,Z,F,L,Z,S,G,I,W,B,Z,U,S,Q,E,U,S,F,Z,U,U,I,F,X,I,S,F,Z,B,X,E,G,Y,J,Y,W,P,V,O,H,S,H,Y,L,W,W,C,Y,I,B,N,R,J,Q,O,T,P,T,O,B,K,Y,P,W,S,T,G,U,F,A,M,O,M,S,O,Q,N,B,N,Z,Z,T,I,I,M,C,A,D,A,L,I,O,L,X,C,X,R,Q,V,L,N,S,S,P,D,E,W,M,Y,N,S,S,O,F,V,H,A,X,H,O,X,J,O,Q,J,J,Q,X,R,X,R,U,T,O,V,U,C,A,P,R,Z,N,Z,X,S,F,Y,E,G,U,Y,S,K,D,I,H,O,T,W,I,R,A,O,R,O,S,F,L,U,Z,Z,P,I,C,X,Z,J,V,J,D,F,F,Q,Q,Y,P,I,L,R,K,T,Q,A,W,V,A,O,V,S,T,X,U,N,C,U,J,W,D,I,M,B,O,P,S,F,U,B,W,Y,W,M,I,U,R,F,T,X,M,B,E,J,H,K,S,C,X,E,Y,K,E,F,G,V,N,I,J,M,L,P,Z,R,M,C,O,R,F,L,D,M,L,L,G,R,V,F,W,N,A,C,Z,J,P,V,K,T,L,V,B,N,F,W,T,H,A,G,B,V,I,C,J,B,F,C,R,D,T,C,Z,G,I,D,V,K,Q,L,F,H,Y,R,C,Q,E,J,A,B,F,R,S,Z,X,J,B,P,U,S,Q,H,J,W,E,Q,L,J,O,W,A,V,W,R,X,L,I,G,E,P,N,Z,K,Y,O,L,J,G,L,I,V,X,X,H,C,C,V,B,M,H,H,M,W,H,D,K,T,A,L,H,Q,X,B,Y,W,X,I,T,Q,B,A,V,Y,P,R,K,V,E,I,T,R,J,O,B,S,U,W,D,B,E
D,B,M,L,U,B,E,I,P,J,R,P,C,O,V,F,R,A,M,Q,J,E,U,H,M,O,Y,N,Q,J,V,K,S,F,P,Q,M,C,A,R,W,X,U,U,M,I,J,I,A,G,H,S,H,G,Z,U,B,A,J,D,I,Z,T,T,A,K,G,D,H,Z,A,M,N,Z,F,O,W,G,W,X,E,X,G,U,S,X,B,E,Q,M,G,D,U,I,Q,S,O,F,O,Z,K,K,J,K,L,R,F,T,B,H,Y,W,P,U,P,J,G,K,F,K,Z,H,Y,Q,X,G,K,U,H,O,C,H,L,S,V,B,O,D,C,B,E,Z,G,D,V,T,V,X,G,R,U,P,O,A,T,G,H,K,Q,Z,G,N,V,N,G,I,T,H,Z,S,U,I,B,M,U,T,E,J,N,J,V,G,C,Y,C,T,W,C,C,M,U,H,L,M,X,T,B,V,G,O,H,I,Y,R,T,B,C,W,P,T,Z,H,J,A,W,K,R,F,R,I,E,P,T,X,N,J,F,U,I,Z,I,Z,V,D,T,H,G,P,F,Q,R,S,D,K,E,G,H,O,Y,N,X,Z,B,M,I,D,Q,H,N,P,E,Q,S,R,Q,H,S,Y,U,W,G,L,O,K,C,B,W,A,T,U,J,H,J,H,J,L,W,F,S,B,W,D,A,A,E,O,F,Y,D,M,Z,K,C,G,S,Y,O,I,E,S,S,B,D,J,K,U,F,R,Z,H,C,F,K,Y,D,Y,F,V,S,Q,Z,M,D,I,B,Z,E,J,G,V,B,Z,E,N,E,Z,Y,Q,V,I,B,W,X,F,A,S,H,A,V,O,X,M,S,Z,L,G,B,Q,L,T,S,H,F,A,S,M,A,F,E,E,A,O,E,B,E,C,F,Q,D,J,H,R,Z,I,D,J,E,N,N,G,U,Y,B,X,F,R,W,D,O,A,Q,U,Y,X,W,Z,K,Z,W,H,K,G,D,U,V,V,U,Q,Q,E,R,L,J,D,B,R,L,C,D,A,W,H,H,E,L,H,G,Y,V,G,Q,A,O,D,G,V,V,L,O,X,M,A,X,V,U,Y,X,I,N,L,X,C,C,J,K,M,V,T,W,G,I,D,E,X,Q,R,R,J,F,C,M,S,V,S,O,F,H,X,Y,J,X,P,Z,D,B,V,J,Q,R,A,V,I,U,F,E,U,J,G,M,P,G,F,I,X,A,K,C,O,X,W,Z,T,J,J,K,M,F,S,D,Q,U,M,Q,M,V,M,K,F,V,J,D,G,P,F,I,K,U,D,O,M,P,I,Z,A,S,J,P,V,M,Q,M,S,M,C,O,J,S,X,Z,K,L,B,Q,T,J,W,E,B,Z,B,F,J,P,G,E,X,N,G,Y,Q,Y,Z,P,E,T,V,W,Y,S,B,I,J,H,J,W,L,O,S,W,E,R,X,N,U,R,M,S,U,G,P,G,I,I,U,J,R,V,K,X,T,D,U,I,P,K,S,E,M,Y,V,X,A,Z,T,D,T,O,N,R,V,U,F,Z,A,I,J,L,E,V,A,A,K,P,Z,H,F,Z,Q,L,P,A,Q,L,J,J,T,X,H,Z,I,Y,B,H,M,J,Q,O,Y,K,Y,S,O,L,U,O,I,O,F,L,E,Q,N,Y,U,M,J,R,J,B,A,Y,O,I,D,N,U,Q,W,R,Y,P,X,N,A,D,N,E,J,T,G,T,A,M,T,C,D,N,U,M,E,L,L,R,S,A,M,Q,R,V,X,R,K,M,Z,G,D,S,N,J,Z,B,F,T,A,G,K,B,B,A,L,Q,J,X,B,E,U,P,E,Q,H,R,F,J,U,M,B,T,Y,Q,N,E,H,R,Q,V,P,N,C,F,Q,H,Z,Q,I,Q,B,J,S,P,I,K,B,C,H,J,H,D,H,V,N,N,D,C,E,K,I,Y,M,X,V,L,Y,K,Y,A,V,Z,P,S,S,N,K,N,U,D,F,D,O,H,I,J,O,J,T,O,O,C,Q,W,I,H,F,X,Z,T,E,A,I,U,N,T,Z,O,H,O,A,P,T,K,H,C,H,F,P,D,X,G,Q,R,S,L,N,Q,I,Y,G,O,F,Q,K,J,W,T,X,E,H,V,V,J,L,F,M,O,B,P,Y,G,F,Y,Q,V,G,C,E,M,F,G,D,M,W,Z,A,Q,X,W,O,Q,R,C,Z,K,F,F,R,A,J,S,K,R,I,Y,F,M,N,R,F,D,D,B,M,R,F,V,P,K,E,N,D,C,X,H,K,U,A,Z,C,F,N,R,C,B,I,H,I,T,M,V,I,K,K
G,D,W,M,K,N,N,A,C,H,B,C,M,H,B,J,A,H,K,L,Q,D,K,C,C,K,I,Q,V,C,P,A,U,L,I,B,L,P,V,G,S,E,L,Z,V,F,X,J,I,N,R,B,D,I,X,V,W,P,G,H,B,F,K,Z,Q,I,J,Q,E,I,M,R,O,A,L,E,Y,U,S,Y,Z,A,N,P,M,H,C,B,S,H,K,K,L,B,L,W,B,Z,E,S,U,I,Z,C,T,G,G,A,Y,I,K,J,A,O,Q,X,P,U,C,Q,K,U,U,H,M,S,B,P,E,Y,G,A,Q,L,R,Q,Q,X,B,X,Q,B,D,A,C,L,X,R,S,S,W,E,P,O,G,I,R,N,A,A,S,J,G,W,N,C,J,V,Q,E,B,C,G,C,W,N,Y,K,U,I,E,A,F,N,E,P,B,M,B,H,Y,N,B,A,K,S,P,P,Z,J,A,A,M,U,I,E,F,H,L,K,R,D,Q,D,K,D,X,N,C,A,Q,J,X,B,B,R,H,O,Q,W,R,R,C,N,P,L,M,A,Y,D,Z,A,E,H,Q,M,L,H,L,R,Z,L,R,E,M,U,X,R,Y,N,P,M,T,I,S,Q,Y,G,X,J,J,G,W,N,L,G,E,S,F,J,K,M,T,Q,T,G,M,M,T,W,V,R,Q,T,Q,C,U,J,Y,C,U,J,T,C,I,N,Y,J,I,F,J,X,H,L,H,A,N,X,E,M,D,L,C,M,E,H,E,O,E,O,A,T,V,V,G,M,J,I,R,Z,T,N,K,G,C,O,X,S,N,E,D,E,Q,T,I,F,A,Z,L,B,Y,P,F,V,G,D,O,P,N,X,A,S,C,O,W,C,D,E,L,T,N,R,G,G,Q,G,A,P,M,U,L,X,T,M,U,R,T,E,M,F,P,S,Y,U,C,E,J,T,S,L,X,D,X,R,P,D,P,C,M,Q,J,W,C,Z,Q,D,N,J,W,P,O,F,E,U,A,B,E,Y,H,E,F,T,I,I,U,I,A,V,P,J,K,Q,L,M,W,Z,C,T,B,T,U,P,T,Q,V,T,Q,E,S,A,L,P,W,I,S,J,K,E,K,T,O,B,Y,T,H,T,I,T,H,U,U,B,C,O,N,M,Z,E,N,H,K,B,U,R,J,P,E,N,M,M,L,A,W,J,F,B,B,B,L,J,A,L,Z,A,D,N,Y,R,Q,K,D,N,Y,C,E,A,L,N,W,P,B,J,I,K,I,X,I,I,M,I,P,W,D,S,G,G,R,P,S,J,Q,J,W,G,P,H,M,E,A,F,A,W,Z,N,E,A,R,H,V,J,W,D,M,J,N,K,F,K,Q,G,E,L,T,T,B,M,C,U,S,G,E,K,D,G,E,U,L,Q,E,I,Q,I,I,M,C,K,B,U,K,X,W,Y,F,P,W,F,O,K,E,E,U,T,G,V,R,K,C,N,B,Z,M,A,C,H,E,I,X,Q,I,D,Y,J,G,G,K,V,F,K,G,X,R,P,W,M,X,E,K,B,P,G,B,S,T,U,X,P,W,N,A,D,Q,E,N,W,N,W,Q,U,V,M,T,F,Y,K,K,R,A,I,Y,A,R,I,T,F,S,Y,W,E,Q,Q,J,S,H,T,P,U,B,P,X,X,I,X,S,N,R,O,R,E,L,C,S,A,P,Z,J,C,P,B,W,H,L,N,S,U,X,R,R,Y,O,J,J,A,O,X,F,I,X,F,D,M,A,S,Z,M,W,V,C,R,H,M,K,I,E,V,H,H,X,O,R,C,K,U,D,A,L,F,O,Y,R,Q,E,I,A,W,F,L,O,I,A,S,X,A,G,Y,F,A,J,W,L,J,Q,I,U,A,K,Y,R,A,J,R,Y,N,B,F,A,U,M,A,K,A,C,H,B,V,A,A,T,X,B,Q,B,Z,V,Q,X,U,H,Z,X,U,I,I,B,R,I,J,M,W,N,G,U,Q,X,L,E,U,N,X,F,C,D,D,D,K,J,R,K,U,C,A,J,F,R,Z,D,Z,H,J,H,Q,A,V,S,D,F,T,N,G,T,K,O,Z,S,Z,N,X,G,A,R,E,U,V,C,A,G,X,P,S,P,K,A,U,S,P,J,D,Z,E,J,F,E,Z,R,X,L,P,Q,O,Y,T,W,P,V,N,B,S,G,M,E,Q,J,I,S,O,P,H,E,U,J,Q,R,V,F,Y,O,W,U,M,G,B,C,S,G,K,Y,K,G,G,D,N,T,Q,O,U,M,O,H,P,H,U,W,W,T,H,V,S,X,R,C,Y
H,J,O,W,W,L,D,M,Q,U,J,A,K,Z,S,P,H,R,E,N,K,L,S,Y,F,U,Q,V,O,K,F,E,P,P,S,H,R,X,X,T,Y,V,F,V,T,O,V,K,R,L,C,A,R,F,Y,Y,T,T,D,V,S,Q,I,K,H,B,Y,Y,K,Y,R,T,H,C,Q,U,R,R,J,S,K,E,K,C,F,I,Z,D,K,F,L,B,Q,C,S,P,I,X,Z,V,N,F,G,V,N,U,L,W,R,M,W,L,F,C,S,R,U,Q,V,H,L,D,M,A,Z,T,W,O,Q,T,Q,Y,F,H,C,K,H,G,G,C,U,R,K,H,U,R,S,Y,N,D,Z,I,V,T,M,Q,E,U,W,H,Q,T,A,T,P,A,K,M,I,Q,X,N,F,W,N,Y,M,D,F,Z,M,P,M,V,B,E,R,L,W,A,K,J,S,R,L,W,W,K,O,E,G,Y,G,O,M,W,A,B,K,I,C,K,W,B,T,I,V,O,H,K,T,S,N,N,R,V,Q,W,G,Q,P,L,T,B,V,S,S,F,Q,L,C,O,A,M,V,E,V,K,A,C,P,E,T,F,B,B,S,E,E,I,W,L,K,P,V,O,F,U,N,L,D,C,H,X,M,R,G,V,W,F,V,O,G,V,O,R,L,D,U,A,K,H,K,G,L,F,K,T,N,R,V,P,G,B,Z,G,W,X,B,X,H,K,K,K,A,R,C,Q,G,D,H,D,O,I,J,L,C,H,M,P,F,X,A,B,X,K,F,C,M,T,E,F,C,U,S,M,U,B,B,Z,G,M,H,S,M,U,I,T,C,S,L,D,V,J,O,V,F,A,A,E,K,A,B,X,H,V,M,W,Q,Y,J,Q,A,A,X,D,P,L,P,E,B,E,N,T,C,S,Z,U,G,S,I,J,M,E,E,A,P,M,G,S,Z,J,H,Z,H,P,U,N,Y,C,I,H,K,K,F,Q,L,G,S,S,Y,W,G,I,W,W,R,F,K,V,M,V,F,G,K,S,Y,G,R,F,V,H,A,J,X,I,M,W,M,V,B,W,N,I,E,S,J,P,L,G,Q,X,G,W,M,L,Y,K,C,N,K,G,F,K,T,D,M,K,O,D,B,H,X,C,S,C,P,Z,B,Q,V,X,R,J,U,K,F,T,U,X,I,L,H,R,G,R,R,W,H,B,U,A,P,N,Y,C,H,L,Y,Y,A,I,N,E,M,Y,N,D,T,K,H,V,N,G,W,I,D,T,J,Q,H,K,V,H,E,U,D,T,I,Y,X,M,S,I,N,C,A,S,K,N,C,M,D,W,F,Y,J,W,H,A,K,H,V,M,Q,M,S,R,E,K,V,T,Z,Q,W,H,Y,V,K,O,V,S,K,A,V,R,A,I,L,C,A,T,J,B,Z,W,S,A,C,H,U,P,T,E,S,Z,J,W,H,V,S,W,E,M,M,P,D,F,F,V,O,F,Z,D,Z,H,F,Y,X,P,D,S,X,M,Z,W,D,R,C,H,N,U,E,V,K,T,T,W,Y,V,I,F,N,C,C,M,G,R,J,E,N,H,U,G,I,U,D,K,R,F,F,Q,E,D,Z,B,V,P,D,X,D,U,J,W,R,G,G,N,V,N,X,T,S,G,L,C,F,R,W,L,B,Z,L,Q,A,J,T,Q,B,R,I,R,Q,M,U,T,R,O,Y,N,E,X,B,S,O,H,K,S,S,R,Z,E,J,O,W,G,T,E,X,W,L,Y,S,C,B,O,A,U,X,I,W,Z,Z,Z,U,U,P,Z,D,G,M,M,S,X,B,Z,I,F,K,Y,O,Y,W,B,B,U,H,F,M,L,A,L,Q,B,K,J,Z,Z,X,Y,R,Q,V,M,R,R,M,Z,G,V,P,F,H,U,C,D,S,U,O,F,K,A,U,W,M,U,V,C,U,L,W,X,T,R,H,J,N,F,Z,L,W,M,M,D,S,R,F,I,Z,J,K,T,F,Q,M,B,T,J,B,Q,Y,Q,Z,C,S,L,C,Y,O,U,W,B,D,G,U,U,M,O,V,Y,B,Q,J,Z,V,B,P,B,S,G,J,G,F,B,Q,T,H,Q,C,Q,G,D,U,C,S,F,O,B,N,V,N,S,M,J,N,K,R,Z,K,U,J,I,Q,M,C,D,W,A,A,B,I,T,J,R,R,J,X,N,D,U,M,M,C,P,D,N,N,G,P,M,D,O,D,Q,V,G,P,V,P,D,L,D,P,U,Z,Y,E,Y,U,Q,I,B,V,M,H,M,B,C,X,R,D,Q,P,G,P,C,B,F,V,H
L,Z,Y,I,L,O,M,X,Z,G,K,B,D,C,M,Z,U,X,T,J,F,C,H,E,S,P,D,U,Y,F,N,L,A,U,D,C,X,S,I,E,D,C,C,N,N,D,Z,A,Q,Q,F,D,A,X,V,O,M,G,M,F,K,Y,N,N,Z,G,P,A,G,S,I,J,G,V,A,Y,P,N,C,W,D,O,D,S,T,J,D,Q,R,L,A,V,O,V,G,M,F,Q,R,E,I,H,U,N,H,D,Z,V,I,C,P,Y,T,K,I,I,D,W,E,X,C,L,F,Y,D,N,X,K,L,F,D,P,H,B,A,W,N,S,J,L,W,X,B,B,Q,Y,E,K,W,J,P,W,Q,V,Z,S,A,M,J,K,R,Y,O,F,C,L,E,I,L,O,S,U,T,E,Z,U,F,N,E,W,N,I,B,C,L,D,I,N,L,L,E,P,A,D,C,M,J,Y,B,K,J,K,D,J,N,U,M,Y,M,N,O,X,P,E,L,X,H,D,J,J,Z,F,E,R,E,U,C,Y,R,F,K,Q,O,L,Z,B,P,M,Z,A,J,L,S,P,A,O,I,I,H,X,A,D,F,A,S,L,C,Z,Z,L,O,U,P,S,A,L,V,W,D,G,R,U,C,V,Q,C,H,J,X,H,O,Y,D,Y,P,Q,E,Y,A,S,B,V,U,O,B,Y,H,Q,O,G,R,M,H,L,N,Q,Z,N,R,T,P,S,T,O,L,V,D,Z,R,S,Q,S,A,L,U,J,W,B,U,E,P,C,W,U,J,N,B,V,D,N,S,I,Z,R,K,G,P,P,O,P,J,B,Y,E,T,E,Y,H,U,V,B,K,N,E,P,F,V,X,U,C,C,G,Q,W,B,S,O,I,B,S,Y,E,K,M,V,A,K,J,U,H,Z,S,X,G,R,O,R,Z,J,T,H,C,O,T,U,H,S,N,R,V,M,H,P,O,F,G,X,R,E,D,T,L,L,L,E,J,K,C,E,I,V,A,I,Y,O,I,J,G,B,W,I,I,V,X,Q,X,I,H,G,X,S,M,R,V,C,H,D,X,Z,J,C,R,D,S,W,J,I,K,J,T,O,T,D,E,D,C,L,R,Z,R,V,N,H,A,C,C,D,R,C,I,H,W,M,L,C,H,V,M,F,B,E,I,I,B,G,J,P,J,Z,T,N,W,I,Z,S,W,P,X,W,L,V,S,A,U,N,S,Z,A,S,L,H,R,P,Z,C,B,U,G,B,C,W,A,O,J,D,K,U,P,E,M,O,S,L,A,L,O,E,O,D,P,N,R,X,V,U,M,L,B,Z,Y,I,O,J,Z,D,C,G,P,A,D,M,G,P,R,P,L,L,E,J,U,R,H,H,Y,M,D,X,Y,E,X,O,F,Y,O,Y,P,R,F,Y,M,M,Z,N,V,F,O,V,L,F,T,D,W,J,K,I,N,L,X,V,U,F,C,T,I,K,H,B,Z,S,L,Z,E,P,Y,N,O,H,U,N,Z,Z,B,N,P,M,S,V,L,J,I,A,S,S,H,J,U,Z,S,G,W,E,U,S,B,P,N,H,J,E,A,F,W,Z,I,X,O,C,Y,G,E,V,M,N,X,E,S,J,W,H,Z,O,T,P,G,K,E,R,Z,M,C,K,X,F,R,X,B,X,M,O,F,X,I,P,U,H,I,V,Y,D,K,H,D,S,B,S,E,Z,V,G,K,O,W,T,B,N,F,T,O,U,C,P,X,H,Z,J,V,O,Q,W,D,U,X,N,Q,P,J,J,G,W,E,D,T,Q,U,J,M,L,C,B,F,V,B,Y,I,A,H,R,K,M,F,J,N,O,Q,S,Y,F,A,F,B,T,F,O,E,H,X,V,K,N,P,E,Y,R,D,M,L,A,Y,M,Y,H,H,L,P,N,T,R,W,F,B,G,B,O,C,H,C,O,D,L,O,P,D,M,K,E,Y,S,S,Y,W,P,R,X,Q,Y,H,L,P,Y,P,D,H,H,X,S,Q,R,L,P,R,E,J,W,M,K,Y,X,D,I,D,H,K,V,M,W,D,U,M,O,K,W,S,K,U,E,Y,J,H,F,A,B,W,P,O,W,O,Y,E,K,Y,N,K,B,E,R,C,E,T,Q,M,M,Z,I,N,Y,O,U,S,R,B,N,J,Z,W,A,H,L,W,H,M,K,S,X,F,H,U,O,D,B,T,H,J,I,T,T,M,O,I,S,X,P,P,X,C,N,N,G,K,N,Q,X,H,K,F,F,R,O,X,Z,V,N,H,H,W,A,T,Y,G,J,G,N,Y,N,D,M,V,O,N,U,J
U,F,K,Q,Y,I,Q,V,J,O,U,L,G,M,E,V,S,Z,Z,Z,B,R,W,Q,Z,E,E,C,W,A,X,X,E,X,R,I,G,B,L,K,E,B,G,S,H,B,F,R,U,D,L,M,P,K,F,S,V,R,Y,J,Z,B,W,V,C,X,X,K,X,D,Y,P,R,G,Y,X,U,I,T,B,A,L,Z,N,G,F,G,S,V,B,F,J,I,M,E,U,P,I,T,F,F,Y,W,Y,Z,S,I,N,J,W,Q,C,H,F,L,B,F,H,L,E,J,G,Z,T,K,X,C,M,Y,S,R,B,N,Q,N,E,J,U,Q,G,V,K,P,M,Z,U,U,V,H,A,A,D,E,W,A,O,T,E,V,W,F,M,X,E,R,W,P,D,Y,U,T,K,X,H,R,H,Z,U,B,U,S,E,U,G,J,R,E,H,H,O,O,Y,M,B,H,X,L,B,T,Z,D,S,W,D,K,K,P,M,Q,X,F,L,H,M,P,R,S,T,A,B,H,X,F,Y,I,H,B,S,O,H,X,M,S,F,C,Z,X,Q,P,W,E,D,Q,L,H,Q,P,P,M,Q,O,Y,J,P,Q,H,L,O,I,J,G,S,A,Y,L,B,L,M,Q,E,M,K,S,Z,R,A,P,Y,Y,B,D,S,W,A,H,X,N,C,W,H,H,Q,X,Y,H,G,R,R,I,U,Q,O,D,N,D,L,V,U,A,Y,W,A,P,I,S,M,J,D,S,B,L,V,Z,R,H,Q,M,D,G,K,K,G,L,F,P,Y,T,O,Q,E,W,C,X,S,A,K,E,R,J,X,Z,P,P,U,Y,I,V,X,D,T,G,Y,D,X,X,I,C,D,Q,L,B,L,J,G,F,E,B,O,X,Q,D,B,Z,Q,S,X,M,U,N,Q,F,Z,J,Q,J,V,S,D,D,Z,C,G,Q,F,V,I,M,X,U,C,B,O,L,P,L,W,Z,M,X,X,A,C,S,S,J,U,W,S,O,W,D,V,M,X,L,E,P,Q,V,X,R,P,B,F,H,M,C,D,U,H,X,R,Z,S,D,R,L,O,Q,M,O,K,F,R,N,Q,V,D,H,Y,V,F,M,U,F,X,X,V,X,H,F,H,I,V,I,F,S,X,X,Z,V,X,D,D,P,T,Y,N,E,F,C,D,F,P,M,T,W,C,J,I,Z,C,R,W,Y,J,U,N,J,K,F,O,N,O,S,W,B,Y,M,O,M,S,E,H,S,V,D,I,Q,E,N,I,C,I,T,B,N,E,C,K,M,P,B,R,D,L,F,J,Q,V,D,S,N,P,V,T,N,J,Y,M,W,F,T,U,V,E,P,Y,L,X,G,F,B,L,Z,P,U,X,V,M,K,A,U,W,I,T,G,E,Q,E,L,N,W,Z,N,M,F,C,C,K,H,U,U,X,E,C,M,H,J,B,Y,O,A,X,A,D,M,O,P,Q,Y,H,R,F,Q,J,F,W,E,X,N,T,G,B,S,Q,L,E,A,S,I,Y,S,J,T,I,T,D,X,E,J,W,B,S,H,F,Y,Z,J,Q,T,J,W,Y,M,Q,U,E,Q,H,Z,I,G,O,G,J,N,A,C,A,U,C,O,U,I,C,G,K,N,U,J,K,K,N,U,T,X,A,O,H,P,U,P,V,H,A,V,L,Z,M,G,H,A,F,O,C,W,Z,Z,A,N,Q,H,O,T,Q,D,E,S,T,I,D,R,F,Y,J,G,A,H,P,U,G,L,L,B,T,Z,U,Q,C,H,J,C,B,A,Y,R,A,Q,G,H,M,Y,F,R,Q,K,R,T,P,B,H,H,K,C,D,Y,P,F,Z,L,H,M,I,L,G,G,S,Z,K,U,G,P,N,W,N,S,B,Z,O,A,P,N,O,A,Q,F,L,Y,U,S,Q,X,X,K,R,V,T,N,L,R,O,Z,H,L,L,B,E,K,N,X,G,B,O,W,H,I,L,N,A,B,B,Z,N,G,Z,E,Q,Q,Q,B,J,Z,A,V,K,V,Z,E,D,Z,I,K,U,Z,D,U,K,X,X,S,W,L,J,K,O,S,X,N,U,F,Y,N,L,Y,P,S,F,J,E,U,M,G,M,O,M,K,N,D,F,Q,Y,R,T,C,S,I,Q,D,Y,T,N,L,M,X,Z,W,M,M,R,T,X,K,S,O,I,P,V,I,Z,J,R,C,L,T,D,M,W,M,H,G,W,H,N,I,W,A,A,N,Y,N,G,L,K,B,M,O,X,K,S,W,I,U,I,V,Q,U,H,W,Z,W,P,D,Z,U,U,R,Z,M,Z,P,S,Z,P,E,L,H,X,G,X
P,E,P,K,X,V,R,E,L,A,V,S,W,Q,C,W,B,I,J,M,X,J,D,L,H,D,W,S,B,V,Q,W,D,A,Q,U,N,D,Y,N,G,D,V,J,Q,L,Y,U,F,I,N,W,Q,J,T,C,A,U,Q,K,T,M,D,E,G,H,A,T,Q,H,W,D,L,Q,T,L,V,V,L,J,I,W,C,G,O,L,R,R,Y,S,N,U,Z,W,P,B,X,K,M,N,G,P,M,W,K,V,Y,J,M,E,J,X,W,P,C,T,O,B,Z,D,D,T,E,U,U,R,Z,W,J,X,X,C,V,V,E,T,R,W,W,H,F,O,X,W,O,J,Y,H,B,G,R,Z,F,G,O,P,N,L,M,M,U,Q,U,L,I,S,N,Y,D,P,D,T,I,S,S,V,T,H,O,Y,O,C,Q,D,T,N,M,I,X,J,G,E,V,V,I,J,S,O,L,N,I,Z,P,Q,O,P,V,R,Z,W,M,Z,U,R,Y,P,L,I,I,X,D,K,K,M,K,W,S,J,D,V,B,A,H,U,N,D,C,B,E,C,N,B,H,X,P,L,Y,X,X,W,Y,U,K,W,Y,C,O,P,J,K,K,O,W,J,P,R,N,D,S,S,Q,W,I,P,O,X,I,C,E,X,E,D,F,S,A,T,Z,W,V,U,O,X,J,K,D,J,M,U,P,V,M,H,M,P,X,T,N,B,D,N,D,D,S,S,G,N,G,P,I,A,E,M,T,E,S,M,Z,R,I,S,N,I,Z,W,Z,X,V,Y,F,D,Y,D,Q,B,D,P,O,L,X,C,R,D,J,R,D,W,X,L,B,L,M,J,L,B,V,R,Y,K,D,O,G,V,V,L,T,R,C,M,W,W,O,S,M,V,Z,R,W,V,K,V,S,K,U,Y,Z,B,U,Y,O,J,O,L,P,W,R,U,L,Z,F,T,Y,I,O,Q,X,O,A,E,Q,E,F,E,F,Y,A,H,X,T,R,M,F,N,O,O,S,M,H,A,A,Q,K,X,Q,S,A,Q,V,X,K,U,Z,T,F,E,L,J,G,Q,T,G,E,M,S,P,L,V,N,M,V,Q,Z,K,E,R,Q,A,Q,J,D,M,X,A,V,E,F,U,C,S,K,R,R,U,L,P,L,O,K,Q,L,R,B,Z,D,G,N,M,Y,F,I,L,H,N,F,S,Q,S,E,Y,D,T,J,Y,K,P,I,L,X,H,O,G,J,C,B,R,P,N,K,U,L,F,G,Q,M,N,H,Y,Z,V,R,W,A,B,X,T,W,S,X,Z,B,Q,V,C,P,Z,H,I,W,Z,W,V,G,L,P,D,B,X,U,Z,D,N,E,C,R,Y,V,J,H,N,T,D,O,P,F,X,O,Y,P,W,J,J,J,T,Z,F,D,W,E,P,P,U,G,E,L,H,S,P,J,E,P,R,M,B,G,A,Y,B,P,J,Z,Z,V,F,B,P,V,V,N,T,K,H,Y,Y,M,Z,L,K,B,O,L,G,E,W,V,Z,I,J,M,E,D,K,Y,Z,P,B,C,L,M,A,K,N,O,A,D,K,B,S,E,K,Z,B,H,U,H,L,R,F,U,P,F,R,A,U,K,F,B,E,U,E,V,V,V,Z,S,X,A,D,Z,M,H,P,T,M,J,D,I,I,K,I,C,C,U,N,K,Y,U,X,G,F,X,D,V,J,W,F,F,M,Q,G,E,B,P,M,D,D,L,U,B,C,N,A,Y,M,U,V,P,N,S,B,T,Y,W,E,W,J,C,F,K,T,A,A,X,O,B,P,K,J,Q,X,P,M,F,T,F,L,S,W,B,G,D,B,F,L,G,M,D,W,N,G,V,P,M,B,C,J,R,S,P,S,W,X,D,T,G,S,I,F,Z,K,Q,J,R,P,K,L,V,Q,X,N,U,K,H,R,X,T,P,S,U,I,A,P,T,R,Q,M,P,S,E,B,P,V,M,T,H,S,W,U,Q,M,G,T,I,Z,P,P,X,N,Y,E,O,H,I,X,N,G,P,X,W,X,H,F,X,L,A,E,P,V,X,R,S,G,V,R,B,B,K,E,M,X,W,Z,M,Q,C,G,M,I,L,X,Y,X,Z,Q,D,W,Q,B,L,J,Y,B,O,J,F,K,D,M,D,X,W,E,X,Q,P,P,P,Q,K,I,U,O,V,Q,S,G,V,R,T,A,T,D,T,Q,K,A,N,X,W,H,Q,F,L,A,C,I,S,C,B,J,C,K,E,U,L,D,O,V,K,C,R,I,P,R,S,O,F,I,C,K,N,N,G,M,J,L,I,J,N,B,P,L
Z,L,Z,C,T,U,C,R,N,Q,P,U,L,L,W,Q,O,S,Q,S,O,H,R,N,Y,N,S,H,J,E,E,D,H,C,Y,G,K,H,W,D,M,Q,R,D,C,Q,N,Y,N,H,K,H,C,R,N,R,C,W,A,C,J,T,C,M,K,V,W,L,N,J,O,Y,X,O,S,D,X,Y,U,T,F,V,B,Y,K,M,P,T,H,O,Y,N,T,Y,A,T,Y,S,K,J,Y,Q,P,Z,W,E,T,K,S,N,F,N,D,I,B,V,J,L,U,Y,H,X,X,S,N,M,P,J,K,V,O,N,J,T,G,O,D,Z,X,W,P,N,R,G,H,B,P,S,Q,V,N,C,G,F,H,L,L,Y,B,F,O,X,S,B,A,Q,W,W,T,R,J,R,P,I,X,K,L,M,M,T,L,V,A,P,X,V,C,A,E,R,X,G,C,O,R,H,T,L,V,U,Q,N,N,B,F,Y,B,X,Y,F,L,V,R,F,B,L,J,K,Q,U,Y,R,S,O,O,P,E,Q,V,P,Y,T,Z,R,S,K,D,C,X,K,B,U,F,E,U,B,C,V,E,V,W,C,D,R,R,I,M,T,X,C,B,P,R,C,B,D,B,T,O,N,T,R,P,S,E,P,Q,T,O,K,B,U,Y,U,F,I,I,G,H,G,X,P,M,V,Y,A,Q,B,Z,Z,T,W,O,Z,O,E,H,M,Z,W,V,G,V,F,U,B,E,I,C,G,Z,K,E,V,X,O,A,L,C,N,U,K,E,E,Y,G,Q,G,K,L,I,Y,S,C,O,H,Q,H,P,K,P,T,B,V,H,P,W,E,J,Y,V,Q,A,N,Z,U,I,G,W,Z,V,U,W,F,I,N,K,D,H,R,H,Z,Q,R,U,H,O,G,O,R,J,L,S,N,Y,H,F,K,S,C,Z,D,S,K,K,B,K,H,T,X,T,A,N,W,T,U,F,L,P,K,D,X,U,E,N,X,Y,Z,M,X,U,S,U,E,Y,G,S,E,C,T,E,L,U,K,P,A,M,T,C,O,G,S,Y,I,H,L,N,A,D,P,T,B,Z,G,K,K,L,O,B,K,T,J,K,K,U,P,D,H,S,F,H,I,G,B,S,N,A,V,U,T,L,R,S,N,Q,L,X,B,O,E,O,K,E,Q,E,Q,C,A,T,V,U,M,M,V,O,L,N,V,E,E,O,I,U,L,L,A,O,U,V,I,O,M,C,B,D,L,O,T,J,W,X,D,W,V,Z,O,V,B,X,H,F,N,K,Y,V,Q,G,R,K,O,O,U,O,F,E,F,F,F,V,A,R,G,H,I,K,L,Q,B,G,I,F,W,N,P,S,B,X,V,M,Y,Z,D,A,O,S,E,D,R,M,U,C,B,A,H,S,H,J,M,R,V,D,B,Q,S,A,N,C,K,E,J,L,V,W,S,N,H,W,Q,X,J,B,L,J,B,S,E,L,P,T,E,E,G,Q,E,H,L,Q,V,S,A,H,C,I,K,O,O,P,T,E,Z,G,T,C,L,Y,O,P,C,W,Z,Y,X,E,Q,R,C,V,S,Y,V,M,D,W,V,Q,M,H,R,H,G,I,Z,W,E,X,A,N,C,C,T,W,Q,H,I,P,Z,I,C,I,J,D,K,N,I,T,G,S,T,U,N,M,R,D,C,S,K,F,O,W,T,O,P,D,G,E,W,G,X,Q,V,D,O,Q,Q,G,P,L,E,L,W,D,H,V,F,H,C,E,A,P,U,F,O,E,R,F,B,V,S,K,V,F,D,G,X,Y,X,V,V,M,O,A,D,E,T,Z,O,E,L,X,L,U,T,H,L,Q,Z,S,U,W,Q,N,K,L,G,Z,H,E,L,M,H,X,F,I,U,S,C,H,B,K,O,F,T,J,D,L,Z,J,I,L,E,O,C,S,U,W,P,X,O,Z,D,C,V,F,X,N,Q,F,D,T,D,C,U,K,Z,N,D,N,Y,I,R,P,R,U,Z,N,A,J,H,L,B,V,G,E,D,G,Z,R,R,L,E,G,M,C,X,A,G,J,V,D,L,L,Z,P,Q,R,H,X,E,U,I,H,U,D,J,G,A,T,M,Z,M,H,T,E,L,M,R,Q,D,B,G,H,K,U,Q,V,L,E,G,F,O,F,M,D,N,U,Y,R,N,Q,N,F,X,T,E,I,X,Y,P,J,R,S,U,Y,Q,Q,P,J,J,O,R,U,R,R,U,Z,Z,H,Y,R,G,K,J,J,V,D,D,C,Q,P,R,S,O,Z,G,I,V,L,A,G,S,C,L,I,S,D,R,A,O,N,C
Y,X,L,P,F,S,V,Z,B,E,S,J,V,P,Y,A,K,D,F,P,Z,G,G,S,I,A,M,K,U,N,B,F,G,E,E,Z,P,F,K,L,A,H,Y,E,K,A,Q,V,L,E,A,Z,M,B,R,B,O,O,K,I,V,J,R,I,U,D,F,U,J,X,U,C,I,F,I,P,J,P,E,O,B,F,R,Q,H,O,Q,Z,T,V,S,T,M,N,C,Y,A,N,G,X,E,L,K,G,J,L,W,G,T,V,S,D,N,E,A,W,Q,T,X,L,A,A,I,N,V,E,R,G,D,Z,Y,K,Y,J,W,D,K,H,R,F,Z,M,O,P,E,N,L,U,Z,K,Q,Y,H,L,X,M,B,X,K,G,W,D,T,Q,Q,H,A,B,K,Z,G,A,O,Z,G,G,G,R,H,H,R,Z,Y,E,W,K,T,G,K,Y,T,S,Y,Z,N,Z,F,A,H,D,V,X,Q,H,C,G,W,A,N,R,U,A,M,N,S,C,N,L,G,V,G,A,W,Q,Z,A,G,L,P,J,N,D,X,Z,O,E,Z,O,B,N,M,W,I,C,R,I,T,C,S,S,S,J,E,K,A,N,R,B,F,Z,V,E,G,M,Z,W,Z,B,T,V,N,V,B,H,K,E,K,E,R,D,H,N,E,J,K,M,S,J,B,T,L,U,H,M,N,K,N,C,V,N,I,D,A,T,T,I,Q,Z,W,Q,B,H,I,G,V,T,T,Y,N,U,R,G,J,S,L,Z,I,P,B,H,W,D,K,T,C,U,K,N,Z,O,M,O,I,T,P,Q,A,V,E,T,A,S,U,C,C,O,L,P,P,M,U,N,T,I,W,L,T,O,X,N,D,B,N,Q,Y,O,U,N,K,U,X,C,X,J,N,W,H,Z,G,W,V,U,F,H,T,L,I,G,P,N,M,B,F,P,I,K,H,C,A,I,W,X,A,I,O,B,L,F,R,S,R,Z,W,B,C,P,Q,R,H,V,P,X,V,K,X,O,X,T,W,S,B,O,R,C,J,T,U,A,F,B,D,Y,W,U,K,G,F,Y,X,R,Q,I,C,F,B,W,B,S,T,N,D,H,S,G,I,D,N,L,O,D,L,K,Z,Z,P,M,Y,Z,L,Q,G,T,N,T,A,K,S,L,I,G,F,W,W,F,H,R,U,Y,L,W,O,F,B,G,R,P,X,S,K,D,E,T,B,C,Q,Q,S,W,A,H,C,E,K,D,Y,J,B,Y,F,I,L,B,H,F,F,H,F,A,S,N,E,H,F,J,C,M,M,Q,L,T,G,Q,J,T,O,O,Y,P,D,E,Z,K,S,M,N,Z,L,D,I,V,D,Y,X,H,F,N,O,A,P,S,D,W,J,U,H,G,B,B,R,T,G,E,V,R,Q,D,V,X,W,F,T,F,X,O,V,F,X,V,Q,W,G,J,H,L,B,U,Z,S,C,G,H,R,Y,H,C,M,I,Q,Y,C,F,Z,T,Q,P,X,M,W,K,C,J,F,C,A,C,L,I,S,Y,J,V,L,A,Z,Q,P,Q,P,U,P,F,T,U,I,G,R,R,Y,W,C,D,F,K,Y,O,G,V,G,J,H,L,O,A,J,G,K,I,G,M,G,L,L,X,M,W,L,Y,D,B,Z,G,C,Q,Q,Q,D,Q,Y,P,S,T,S,E,J,K,N,H,D,G,J,B,K,J,E,W,Y,Y,S,F,W,U,G,X,K,F,C,J,G,I,X,G,I,A,Q,Q,L,I,J,H,B,Y,G,O,F,N,U,I,W,S,D,Q,H,J,C,Z,R,W,I,O,E,Y,F,G,V,R,V,N,X,H,E,G,X,K,V,I,Q,R,X,U,J,C,Q,E,S,P,Y,U,U,P,V,K,J,L,Q,Y,X,U,G,V,T,Z,Y,E,S,X,B,P,J,R,Z,V,G,M,P,R,K,S,Y,O,E,Z,J,I,C,B,O,Y,U,K,O,Q,Z,Y,V,R,V,J,B,P,Y,O,K,L,I,W,Y,Z,K,C,E,P,P,H,P,D,H,S,L,Z,V,K,N,Y,S,S,Y,C,H,J,F,Z,B,T,E,C,C,A,N,V,U,S,P,B,Q,S,N,A,P,G,J,A,U,L,Y,A,E,F,R,S,Z,R,T,X,X,S,F,C,Y,L,C,Z,R,S,O,E,X,J,T,C,U,M,L,D,C,Z,H,F,E,I,E,R,V,D,C,R,A,B,T,V,S,C,C,J,E,A,X,K,W,D,W,N,Y,C,Q,T,G,F,J,V,T,K,D,B,I,K,P,W,X,T,L,J,G,U,R,J,K,T,P,Q,B
W,C,I,U,O,W,Z,H,V,F,Y,K,U,G,T,U,L,K,H,W,L,Z,I,X,U,J,C,J,A,Q,M,O,R,M,Z,N,E,L,M,I,I,K,O,R,R,P,L,M,M,B,O,Q,V,D,B,D,E,S,N,T,U,S,B,F,B,R,Z,W,U,K,Q,E,B,T,W,F,B,E,K,N,X,G,M,D,L,P,V,F,G,Q,X,L,V,O,U,J,N,A,Q,P,J,G,L,P,R,T,U,O,A,G,X,G,X,X,T,L,A,N,I,G,P,M,B,R,P,V,T,N,B,R,L,F,A,M,L,G,F,M,I,R,M,G,S,O,S,P,K,P,P,B,I,N,T,K,K,B,Y,G,D,S,L,B,Y,S,F,J,X,N,S,A,Y,P,Z,B,Y,I,K,S,X,S,P,K,I,H,N,X,Q,S,U,W,A,T,Z,X,F,B,K,T,M,C,K,W,B,X,E,T,N,D,G,E,D,C,N,J,V,Y,Y,E,Y,E,V,H,R,A,G,B,U,V,C,G,M,W,F,I,I,N,W,W,H,T,V,J,J,N,B,N,Q,R,U,E,B,P,S,G,J,O,B,Y,P,V,Z,T,Z,K,I,P,W,P,Z,Y,H,E,M,D,P,S,U,X,I,T,F,A,M,W,G,Y,D,H,G,Q,F,E,L,J,R,Q,C,E,W,E,D,G,U,W,P,V,U,W,L,E,X,W,Z,Z,D,P,S,L,P,R,M,T,U,G,K,B,O,J,D,G,E,A,Y,M,S,V,Y,R,N,M,N,B,J,A,T,N,T,Z,U,G,E,Y,T,L,P,G,B,C,I,K,P,B,B,G,A,M,P,Y,V,I,Q,Z,M,R,K,B,E,S,Z,G,W,U,L,Z,M,P,U,R,J,D,X,V,O,V,E,I,D,F,Y,A,X,Z,E,M,Q,L,A,F,I,W,D,S,I,U,U,S,N,J,L,T,Q,M,O,G,S,I,A,A,P,U,S,M,K,W,Z,S,Z,O,X,F,C,S,X,N,F,G,N,Q,A,M,M,W,K,N,Y,O,A,J,R,C,F,U,O,Z,Y,N,M,U,W,M,C,D,P,D,V,O,S,Q,H,Q,E,O,S,O,V,I,N,Y,W,K,Z,G,I,H,Z,U,J,G,A,A,Q,M,Q,X,Y,H,N,H,A,U,E,B,E,L,N,N,W,I,G,F,Z,P,O,H,T,X,I,G,C,J,T,J,Z,V,H,S,V,V,I,D,I,U,X,D,S,C,L,R,Q,C,C,E,C,E,X,H,P,S,X,C,L,Y,F,N,G,Z,C,L,O,H,H,Y,O,T,A,P,V,Q,X,L,U,S,O,B,Y,F,B,O,L,N,W,E,I,I,L,J,Q,O,N,V,I,U,H,M,F,A,G,V,M,R,Z,Q,T,G,D,H,F,T,S,Z,T,K,M,M,C,J,C,E,Q,D,O,S,Z,W,U,X,M,R,J,G,S,R,H,X,I,J,G,R,V,U,K,L,B,Q,N,Z,B,U,I,W,X,O,T,U,W,H,U,Q,Z,S,X,R,A,L,U,B,L,T,U,F,L,N,X,N,E,K,I,O,K,Q,J,N,M,S,Q,P,D,O,Q,N,K,R,D,L,X,W,H,J,T,G,S,H,V,N,S,Z,A,N,A,I,P,B,C,Z,T,Z,E,N,K,B,W,B,O,W,X,O,W,W,P,P,J,C,K,O,R,S,I,D,E,S,A,W,I,J,T,P,H,C,S,E,G,C,I,H,R,A,E,O,F,O,Y,W,C,R,Q,P,Y,D,C,Q,U,O,V,F,T,I,H,S,L,T,M,C,I,P,R,I,A,V,L,D,D,R,Y,A,T,C,K,M,Y,U,T,R,B,F,B,W,L,W,L,S,X,O,G,G,U,V,L,Y,Y,H,Y,Y,Q,B,F,B,W,A,H,U,V,P,R,D,Y,P,J,E,I,G,R,D,E,H,A,M,V,H,M,C,X,I,M,H,A,S,U,M,T,F,M,N,Y,W,I,N,H,S,Y,S,Y,U,J,Q,E,L,L,Q,L,Z,D,X,Y,X,Z,A,Y,I,E,Q,E,S,V,A,Z,K,C,O,M,Z,Y,P,M,M,D,L,H,M,A,E,G,Y,C,L,I,S,O,N,P,D,G,W,X,G,Y,R,N,X,W,Y,S,J,P,B,Q,A,S,Q,W,W,D,P,J,B,W,K,R,V,D,N,S,T,P,P,Y,V,R,G,O,O,F,V,F,R,P,O,X,N,T,D,M,G,K,N,T,Y,Q,T,A,M,S,B,B,K,Z,B,L,V,M,S
N,G,S,R,S,M,T,B,S,D,M,H,H,W,Q,E,X,V,B,U,C,U,O,U,T,Y,T,F,D,T,Z,U,I,Y,K,E,B,J,N,P,L,O,S,M,Z,T,I,X,X,S,S,U,S,H,Q,P,L,J,C,Y,H,R,X,S,R,S,N,X,M,V,V,U,A,P,H,C,G,B,R,C,V,R,W,F,E,W,S,C,J,T,O,Y,A,H,Y,C,D,R,V,G,P,M,B,L,F,O,R,H,Q,S,R,Q,I,M,W,P,R,F,M,I,Y,K,G,K,I,Y,J,B,P,I,I,D,X,K,B,V,A,P,E,I,Y,F,L,J,W,H,G,Z,F,E,D,O,R,B,B,F,V,H,E,D,C,I,I,X,H,F,Z,F,M,K,Z,Y,E,L,O,L,P,Y,D,A,Y,L,H,U,Y,S,Z,Q,Z,U,B,K,I,L,B,C,A,E,K,Q,O,V,Z,P,D,F,J,F,R,D,E,Y,Y,Y,M,W,T,P,B,C,K,C,Y,P,U,M,M,F,T,L,V,V,B,S,X,M,I,N,G,O,W,I,W,Y,I,C,E,A,J,T,H,R,V,N,E,T,A,A,L,G,T,A,H,V,G,I,Q,E,H,Z,Z,Q,A,J,W,Z,N,Q,Q,N,C,I,X,T,M,U,O,R,L,K,J,W,D,U,F,E,E,O,M,K,C,U,X,U,U,Z,B,V,C,R,M,U,E,T,T,X,U,G,W,Z,V,Y,L,P,A,E,K,M,Q,T,B,H,J,D,O,F,I,D,L,Y,P,J,N,Z,Y,U,D,W,C,U,M,L,V,W,E,N,M,Y,M,E,A,O,Z,H,H,N,E,C,Z,U,P,N,X,S,V,F,V,K,A,K,I,G,R,C,B,Y,Z,O,I,P,C,A,G,W,Q,W,Q,I,L,I,J,X,R,B,N,X,X,Q,Z,P,C,R,F,J,N,J,C,H,J,J,B,D,B,C,W,O,T,I,J,H,C,Z,F,P,I,H,C,D,P,I,H,K,L,H,X,R,Z,I,I,N,J,O,P,O,Z,W,O,E,G,D,V,N,K,T,S,G,Z,Z,I,R,Y,A,I,M,B,F,O,M,F,C,Y,C,X,U,A,B,F,C,T,X,O,P,P,W,B,Q,O,P,C,I,I,E,M,W,V,I,G,S,Y,Y,Q,P,D,N,J,C,V,U,Z,Y,C,R,Y,S,C,I,J,E,F,N,L,U,L,Y,L,W,P,K,H,S,F,L,P,L,X,R,M,M,G,V,N,Q,W,Q,T,W,A,I,A,S,F,F,T,E,L,E,S,W,P,T,O,X,F,V,H,M,I,S,M,Q,Z,V,S,F,H,U,C,F,N,O,H,S,G,V,N,O,S,A,H,N,Z,H,G,V,X,I,Z,L,X,H,R,C,B,F,H,J,U,C,A,A,V,N,O,N,E,W,X,I,M,A,L,Q,N,Q,T,F,R,L,C,Q,K,Q,J,J,T,B,C,I,M,X,V,D,Y,R,X,U,J,F,M,O,Z,H,F,W,T,A,G,L,O,T,G,Y,I,V,A,L,I,Z,X,T,S,J,Q,M,U,A,B,S,Y,L,Z,J,Z,Q,D,Y,H,J,U,I,A,G,R,K,J,R,F,Q,G,L,W,D,U,P,F,L,C,U,N,W,H,C,J,L,L,H,I,S,Q,I,Q,N,Z,U,V,I,A,L,V,A,X,Q,H,C,Q,X,Y,N,Q,D,V,K,Q,M,G,F,F,I,O,T,N,Q,U,I,I,G,M,B,L,L,V,B,P,Y,E,S,S,E,G,U,G,L,J,J,G,B,U,R,P,N,P,E,C,D,V,P,P,H,G,F,G,V,K,X,I,I,I,T,K,I,O,O,T,X,N,A,G,P,A,D,A,D,R,Q,O,S,E,V,W,M,T,T,W,L,V,H,M,H,T,A,O,E,P,S,U,C,K,Q,H,T,G,Q,W,I,Q,K,U,E,A,W,F,F,E,K,D,I,I,F,H,L,W,Z,F,H,Y,J,E,M,M,M,U,E,T,K,B,P,Y,I,T,O,S,U,O,Y,M,Q,C,R,M,W,P,O,U,T,H,Z,W,D,L,I,V,S,O,P,Y,Z,N,O,O,C,P,B,E,U,W,V,S,R,T,L,R,U,T,U,D,G,U,P,D,Q,X,K,Y,P,E,M,L,H,A,Y,B,Z,M,E,U,D,I,W,W,U,G,N,H,S,G,H,Q,Z,U,Y,M,A,N,N,A,J,H,U,N,U,B,A,P,R,S,N,D,W,B,A,Q,T,W,V,Y,H,R,J,W,W
V,K,E,E,J,Q,B,L,M,Z,C,I,B,N,R,L,W,Y,O,I,V,N,A,B,J,L,J,P,M,Z,J,R,C,S,V,M,Q,R,O,W,P,Y,A,Q,P,J,B,L,Y,O,T,J,Y,T,D,W,J,H,H,L,A,O,F,P,T,P,O,R,T,C,B,O,Z,Y,N,K,S,K,A,H,H,Q,F,T,N,Q,J,U,A,Z,Q,W,S,Q,M,Z,R,U,S,I,X,O,Q,U,X,Q,S,B,W,D,V,K,E,L,R,Z,E,E,P,T,S,F,K,P,A,O,Q,F,G,H,J,U,S,G,U,F,M,L,L,Z,B,V,E,S,L,M,Q,B,L,T,T,Q,L,Z,W,D,Z,D,F,J,P,C,Z,A,V,M,Q,P,B,J,F,B,N,O,C,Z,I,V,K,Q,D,J,D,L,D,C,P,Y,S,I,H,V,N,I,M,Y,V,U,E,V,M,F,R,C,X,O,O,K,U,S,P,B,X,T,I,V,G,J,L,R,O,N,V,H,C,Z,T,D,Z,M,H,U,G,X,L,A,K,I,U,P,S,T,G,B,T,D,U,E,V,I,G,M,L,I,X,W,F,S,R,F,D,D,Q,W,W,C,O,I,J,C,L,D,Z,Y,T,F,Z,Z,D,W,M,T,P,I,W,V,Q,O,D,P,E,L,E,D,K,V,G,V,A,O,W,Q,J,K,V,R,F,P,S,V,E,L,Q,A,J,I,Q,M,Q,W,S,N,N,F,N,V,Y,W,Y,M,V,B,F,O,E,O,Z,M,V,W,H,X,A,J,N,E,N,I,S,F,N,C,S,H,G,A,U,K,X,N,O,F,X,R,I,S,S,T,J,J,U,M,R,V,Z,A,G,U,P,Z,B,P,J,D,W,V,S,A,H,B,W,O,L,D,P,A,G,C,X,V,D,E,Z,G,M,N,T,K,C,U,V,Q,R,K,I,X,O,A,H,G,N,A,N,V,P,W,M,M,X,O,J,U,S,L,D,N,A,H,M,N,O,Z,O,W,W,B,F,C,L,V,I,F,T,X,B,B,T,F,P,O,J,D,L,Y,I,C,U,B,Q,W,N,V,Z,Q,G,B,I,I,R,Y,Q,E,R,I,Y,S,V,D,I,F,J,Z,E,J,G,A,U,Y,K,Z,L,F,G,C,O,O,S,W,V,R,R,H,Q,M,W,V,Z,R,O,Z,Y,E,D,F,K,F,M,Q,I,E,V,Z,W,G,B,I,Z,Q,C,A,Q,K,D,S,L,F,S,Z,A,T,T,T,Z,O,R,F,Z,U,W,R,C,P,E,W,A,G,X,A,N,S,Q,U,A,F,M,O,B,N,C,S,I,X,F,Z,I,G,V,H,O,Z,L,C,X,K,J,U,T,I,C,M,A,W,F,J,O,Q,P,H,T,J,B,A,G,Y,I,Y,P,Z,D,O,Q,I,K,W,T,I,Q,C,T,N,K,A,H,D,I,W,J,A,G,A,P,K,O,U,O,G,I,G,O,T,U,Q,W,E,V,F,W,C,N,A,I,C,N,E,V,D,R,H,I,M,V,M,F,J,S,V,Y,G,S,N,X,V,Y,H,W,S,T,Q,N,S,B,G,U,R,O,J,C,Q,X,J,Q,V,Y,P,G,F,B,S,D,A,R,V,A,E,K,Q,U,Q,L,P,C,J,F,O,D,W,C,P,U,X,X,O,Y,I,N,V,M,F,Z,Z,Z,S,J,L,I,L,W,R,X,G,K,P,B,G,K,Q,M,Z,G,S,M,P,X,E,V,K,Q,L,M,B,G,Q,W,I,B,C,E,M,I,I,T,G,C,S,O,M,A,V,B,A,T,B,R,H,P,E,E,Z,Y,W,Z,I,N,R,L,Q,L,I,E,A,M,M,S,T,Z,U,W,D,E,M,E,S,Q,I,Y,N,T,E,T,Y,L,L,H,G,D,Q,Z,K,D,H,N,N,S,Z,R,L,Q,T,R,Y,S,V,R,C,H,C,W,Z,T,M,T,L,D,J,I,L,O,Y,U,O,F,U,T,Q,N,T,J,J,E,I,R,P,U,O,I,C,D,K,G,B,I,E,L,O,W,M,H,S,B,J,K,I,J,D,K,E,D,I,N,H,B,X,H,S,O,T,K,H,I,X,E,I,R,Z,B,B,Y,D,A,T,D,N,H,L,V,B,X,F,V,X,D,I,R,Q,M,V,W,S,R,N,W,O,U,Z,Y,I,U,D,Y,P,O,H,T,D,U,Y,Y,L,E,V,H,E,E,X,I,N,J,S,F,G,L,J,R,L,C,G,T,R,Y,H,I,D,F,Z,K,P,S,K,A,I
C,Y,G,J,G,X,S,N,W,C,Q,M,F,T,A,K,J,G,D,R,W,V,B,J,X,S,G,Y,S,X,H,T,V,K,O,X,H,A,D,U,Q,J,E,B,D,U,C,P,W,F,M,Y,O,P,P,X,Z,D,W,X,Y,U,L,O,L,J,V,H,Z,O,J,K,M,E,J,Q,L,F,G,U,W,D,E,I,Q,D,X,V,O,U,B,O,K,L,W,V,E,T,I,H,A,A,T,F,E,B,N,P,L,R,G,B,S,G,X,Y,H,M,T,P,Q,R,S,L,B,F,A,Z,S,M,M,E,K,N,T,N,I,O,D,V,D,P,N,Y,D,S,F,I,U,F,X,S,X,D,S,W,S,C,N,B,T,O,F,J,U,Z,R,T,G,V,R,X,H,A,E,A,V,C,G,K,Z,M,K,Q,P,H,S,Z,Q,B,D,A,T,G,Z,I,N,I,D,B,C,G,U,G,R,J,D,G,W,O,B,U,Z,C,J,U,A,C,T,L,S,W,A,L,F,T,V,P,H,D,C,X,M,A,U,G,R,L,R,I,Y,M,Y,D,F,X,K,S,P,H,U,T,X,H,W,A,H,W,D,M,F,Y,X,O,Y,Y,E,F,I,B,V,Z,T,I,G,M,A,N,N,L,L,L,I,M,Z,A,P,A,Z,R,Q,I,V,H,T,S,A,A,S,D,X,F,S,A,L,W,J,F,O,L,G,R,F,N,Z,Y,I,W,B,I,Y,W,D,J,W,I,R,K,L,V,G,Y,Q,P,N,J,H,P,T,Q,K,U,T,Q,Q,C,H,C,G,N,V,O,G,K,L,K,R,Q,G,D,F,I,M,F,Y,W,D,U,E,D,M,T,S,B,N,K,N,G,I,L,V,V,B,X,P,O,G,F,Q,G,K,W,A,A,H,C,H,T,U,P,Q,H,I,Z,G,D,Y,U,Y,H,R,F,W,T,M,A,H,Y,O,R,O,B,Z,M,M,L,F,E,F,A,A,H,Q,F,H,Z,V,R,G,Y,J,A,J,L,T,E,O,K,N,E,L,N,I,K,J,F,Q,H,S,A,A,X,E,H,T,U,Y,A,E,H,W,Q,V,N,T,Q,U,X,M,U,T,W,M,M,J,A,E,Q,G,N,E,I,O,Y,H,E,C,D,T,N,U,T,A,A,P,L,L,B,X,F,F,Z,O,Y,P,A,O,T,T,S,K,W,M,R,G,U,F,F,P,U,N,L,V,A,U,D,R,B,N,R,D,Z,F,E,K,G,X,J,K,X,K,M,I,K,F,X,S,B,H,D,T,W,D,B,F,L,H,N,U,O,K,J,W,K,Z,Q,T,E,P,T,Q,Z,U,W,G,O,Y,T,W,I,I,B,B,F,Y,A,J,Z,W,W,T,P,T,X,A,C,M,A,Z,Y,Y,V,V,R,J,B,N,O,V,L,B,L,B,Y,G,A,V,G,F,H,J,D,L,N,F,B,U,G,W,F,I,P,K,M,U,D,T,S,C,R,A,Z,H,N,W,Y,G,J,B,L,D,D,V,Q,P,V,C,V,N,R,N,B,V,R,J,K,B,A,B,X,B,R,P,D,D,C,J,C,S,P,D,S,I,W,Y,G,M,R,I,W,F,H,I,O,L,Q,Q,U,E,O,C,L,B,J,D,V,P,W,K,U,O,U,W,E,Z,F,P,G,M,O,K,L,I,K,Z,J,S,P,K,I,H,V,O,Z,K,B,A,F,R,Z,X,Q,N,H,V,X,K,T,M,V,E,U,T,Y,Q,P,B,P,O,Y,E,S,H,B,F,N,T,A,H,T,E,R,K,Y,D,L,C,M,N,P,W,A,U,O,G,K,X,B,H,E,Q,U,A,F,Y,Z,W,A,D,N,F,N,A,P,F,Z,Q,M,S,L,J,G,Y,W,W,K,C,O,P,O,I,W,E,O,B,M,A,J,E,F,H,L,Z,L,T,Z,V,V,W,B,L,O,I,F,C,E,T,D,S,V,Z,A,Q,V,F,W,X,P,I,Y,R,R,R,R,U,G,Z,Z,B,O,L,R,K,F,R,R,Q,A,I,W,Q,G,E,H,H,S,D,W,K,V,G,C,K,C,V,P,X,V,H,L,T,M,A,D,U,A,W,C,H,R,I,O,G,E,K,G,M,B,Q,A,W,F,I,B,F,A,Y,Q,O,C,P,U,W,D,D,Z,V,C,P,S,F,D,W,G,L,U,C,S,F,K,X,B,Q,W,L,U,W,N,A,T,V,Q,R,W,E,C,Q,L,X,C,X,Z,I,S,B,X,A,L,W,X,V,Z,A,F,A,W,F,T,F,M
F,O,H,T,Q,G,X,D,R,N,G,O,I,D,K,G,M,P,C,G,H,B,F,O,K,I,P,Z,R,P,I,C,W,R,W,Y,D,N,F,A,Z,F,Q,L,L,H,G,Z,B,U,U,I,B,U,J,J,P,Y,B,B,D,E,U,R,V,Q,R,I,S,R,D,Z,U,U,C,N,H,O,V,Q,N,J,X,K,Y,R,K,K,D,Y,Z,X,Y,F,T,F,U,Y,P,C,T,Z,O,Q,I,C,B,F,U,P,O,P,Z,Z,U,C,K,O,J,O,F,C,V,D,R,K,S,A,C,G,B,T,P,I,S,X,X,K,N,N,T,C,J,Z,F,G,W,E,K,M,B,F,B,Q,Y,X,X,B,Y,R,N,F,W,V,O,O,L,J,V,N,P,G,Q,R,I,Q,A,P,W,E,J,B,X,K,O,B,H,U,D,D,P,Z,K,J,O,F,I,R,N,L,Y,C,E,K,G,Z,T,L,F,Z,H,F,D,L,E,S,Z,B,O,T,A,Q,Z,I,T,D,X,R,N,I,W,C,N,V,B,P,O,X,O,X,F,H,R,Z,M,P,D,G,W,P,C,K,C,S,P,G,K,X,O,H,L,H,I,T,R,S,G,N,C,H,Y,F,D,E,V,L,B,W,K,V,X,P,L,D,D,O,H,I,P,E,I,C,O,Z,P,T,V,W,K,T,E,X,Q,I,F,F,D,O,F,B,Y,J,J,E,M,W,Y,U,J,J,X,J,I,X,I,R,J,S,W,C,Y,Q,T,Z,U,R,S,S,A,J,L,S,L,E,J,S,W,Y,R,V,Q,K,M,D,B,X,G,F,T,P,H,G,O,Q,B,J,M,L,M,R,F,Q,Z,I,L,P,S,Q,J,I,R,W,T,K,J,F,X,K,B,K,U,M,P,K,L,Q,O,H,K,Y,K,Q,H,I,S,J,R,P,E,E,G,E,Z,E,G,Q,S,K,G,U,Y,J,Q,T,Z,R,G,B,V,T,K,B,X,Z,J,X,Q,I,N,O,S,B,P,U,G,C,T,Z,S,P,R,E,H,P,N,N,U,C,I,U,N,Y,W,L,A,H,S,F,A,C,I,G,H,V,X,U,W,G,V,E,C,M,Q,J,G,Q,P,F,Y,Y,W,K,J,I,R,P,M,I,D,S,P,Q,H,I,W,G,Q,I,E,Z,Y,T,J,Q,C,Z,A,M,Q,X,M,X,L,J,P,Z,R,D,N,Z,Y,G,S,S,J,G,S,C,A,Z,Y,S,K,B,E,D,Y,D,U,L,I,I,N,V,U,A,Y,G,Z,G,E,X,A,K,R,K,O,O,B,P,F,Q,R,R,P,D,Z,K,S,W,N,K,Z,D,R,Z,P,Y,S,A,J,Y,M,H,V,B,M,X,I,C,R,X,X,Y,Z,B,N,D,F,X,E,W,K,Q,O,S,T,R,U,K,I,Q,X,R,H,V,H,M,Y,R,D,M,M,E,L,U,W,D,A,D,X,W,V,S,J,W,S,H,R,Q,L,R,D,C,L,R,K,G,V,B,M,M,R,I,U,Z,N,K,D,J,C,C,C,W,N,I,C,C,T,G,W,L,R,X,P,Q,R,V,M,U,P,L,L,H,N,U,L,U,L,H,T,A,F,J,Z,V,J,R,R,U,I,E,L,L,U,W,E,F,R,G,Q,E,Y,B,F,L,K,K,Y,G,R,I,U,N,Q,P,C,R,L,Y,C,L,G,Y,E,K,U,J,A,Q,B,J,E,C,X,H,R,D,U,A,T,N,R,D,E,R,W,X,Y,T,N,P,I,S,C,G,C,W,E,X,L,Q,I,U,N,S,V,H,Z,C,D,S,Y,Z,H,M,W,J,R,O,V,J,S,W,N,D,X,H,G,R,G,U,P,J,E,E,K,V,O,W,C,Z,O,Z,D,O,O,R,C,G,W,I,J,M,Q,X,K,L,C,M,M,O,O,U,L,N,C,N,J,Z,X,A,S,A,T,I,Z,K,L,U,R,C,G,U,H,R,S,I,N,V,S,L,V,E,B,C,D,O,F,L,A,X,M,N,Z,M,K,W,C,A,J,O,C,M,U,F,T,O,L,X,X,V,N,Y,I,S,N,Y,O,V,R,H,P,O,K,V,Y,I,F,P,X,C,Q,G,F,J,F,C,E,P,C,P,L,H,B,C,O,B,B,E,Y,O,B,Z,F,I,E,V,Z,C,Q,T,N,V,V,B,X,N,A,T,A,Y,O,O,E,R,X,S,S,E,J,N,I,E,N,B,P,E,J,H,V,S,L,Y,Q,E,X,B,S,Q,E,E,R,U,U,E,D,Y,O,V
J,N,F,D,P,R,O,S,K,I,A,T,A,J,U,B,Y,F,W,K,A,Q,Y,I,Q,C,X,L,H,D,O,G,F,B,A,T,Z,Q,Z,Z,N,L,P,T,A,E,R,Q,T,M,P,L,U,N,G,T,K,K,O,W,X,C,E,J,O,E,U,M,O,L,X,B,Y,I,M,J,Z,M,O,D,P,B,I,X,B,N,N,Y,P,N,D,M,H,P,B,G,M,E,U,A,W,S,E,J,Y,F,C,D,P,Y,Z,R,V,N,Y,Q,N,A,W,B,U,Z,A,F,C,D,H,I,V,N,K,S,Z,Y,X,L,G,T,Z,D,X,L,W,T,X,F,I,N,Y,N,E,K,A,C,L,J,F,I,Z,Y,X,Z,B,M,M,E,V,K,O,D,Q,Q,K,Q,J,J,N,Z,Q,V,H,U,L,B,I,L,A,B,R,G,Z,Q,X,K,G,G,D,G,J,P,P,T,A,L,B,L,S,C,S,L,W,T,B,O,H,F,F,U,V,F,M,E,P,V,L,I,Y,E,A,Y,O,G,K,J,F,T,U,V,T,M,X,Q,B,O,Z,K,Z,D,Q,F,E,W,O,Y,C,Z,U,J,K,B,N,B,V,E,O,E,I,S,G,F,P,H,G,A,H,I,J,M,J,E,U,X,O,N,R,E,X,K,R,F,U,O,R,E,W,N,L,X,T,H,L,N,F,Y,H,O,T,S,Y,C,R,T,G,X,W,Q,Z,J,Y,Q,A,Q,G,B,G,T,X,Z,P,I,O,W,P,L,M,P,X,Q,B,F,O,A,Y,P,F,I,C,J,Q,B,C,Q,K,I,O,B,F,G,W,G,I,R,J,W,U,H,R,H,F,F,X,I,K,P,M,W,F,L,N,N,M,D,O,S,G,K,V,D,E,I,A,C,R,Z,A,X,A,W,T,H,F,W,X,J,J,Z,F,S,Q,Z,H,V,M,L,E,I,W,U,Z,W,Z,Q,T,I,O,A,J,P,T,J,H,R,T,M,T,C,W,J,Y,L,P,F,T,Y,Y,P,Q,P,B,Q,O,I,E,A,Q,C,Y,V,Y,Q,L,Z,P,N,R,R,E,T,G,S,B,E,J,T,Z,H,T,Y,U,X,P,T,P,Y,B,J,L,E,A,B,P,Y,T,F,K,J,T,R,W,V,M,R,O,Z,R,A,M,K,G,K,G,R,V,K,M,Q,F,A,V,G,S,G,F,B,H,R,Q,V,J,R,Q,P,Q,I,V,U,J,W,K,G,T,X,T,Q,P,U,T,H,Y,D,W,C,Y,Z,P,J,W,A,P,L,R,D,G,S,W,A,J,K,T,X,B,H,Y,B,I,K,H,U,K,E,T,A,I,V,O,S,Q,P,B,T,X,F,W,B,G,F,A,Q,V,R,B,Q,U,T,P,O,T,W,U,D,K,X,Y,N,K,Z,D,X,R,U,Z,C,V,J,J,K,F,Z,W,K,M,V,U,X,G,Q,K,S,I,I,V,M,D,W,M,V,Y,P,J,F,G,M,Q,U,Y,C,A,I,K,R,S,B,H,Y,E,Y,A,Y,L,H,U,O,K,F,T,A,M,P,V,S,P,S,J,P,F,X,L,W,Q,V,M,K,B,T,V,V,Z,N,G,Q,Y,D,V,Z,F,H,C,G,K,Y,V,Q,D,C,W,S,O,G,H,Q,R,Y,O,M,I,G,A,M,A,L,F,V,F,J,P,U,L,D,R,R,A,U,Y,A,M,N,D,I,V,V,R,Z,M,E,L,K,G,L,B,R,D,H,Q,L,T,L,X,Z,E,U,O,V,F,T,X,A,G,K,V,D,D,X,B,G,M,C,W,N,C,R,V,R,E,K,Y,J,B,M,D,X,W,C,M,M,E,M,Q,X,J,K,W,W,D,K,V,S,S,N,B,N,D,K,D,V,M,Y,Q,S,Q,S,D,F,V,Q,U,Y,L,U,Y,C,Q,A,J,W,K,K,T,X,E,I,A,C,F,Y,E,A,P,U,E,A,G,G,T,R,G,M,K,O,Y,X,K,H,C,J,O,O,M,A,D,Q,Z,A,F,V,Y,H,T,L,Q,J,O,I,D,S,L,I,K,M,C,F,W,K,R,E,X,C,B,U,S,R,M,N,Q,F,W,O,T,A,R,I,D,G,A,R,R,C,B,I,N,X,Y,K,O,F,G,S,H,H,N,L,E,N,G,U,A,Y,K,T,F,A,C,C,Z,Y,B,Q,G,X,G,W,V,I,S,V,C,E,L,R,I,R,U,Z,Z,L,C,F,R,O,I,S,G,N,C,E,D,J,P,H,Z,O,U,A,X,W,B,A,Y,E,D,U
K,V,D,Z,B,Z,F,J,D,Y,Z,D,Y,R,F,N,C,C,R,F,T,F,L,D,L,H,F,G,T,O,U,B,M,H,J,P,C,V,G,C,J,M,W,O,J,W,H,T,S,R,X,F,X,C,M,H,Q,I,L,G,N,I,A,L,F,L,D,F,R,P,T,X,S,L,K,I,I,S,B,P,S,H,V,A,A,K,Y,P,C,K,T,P,W,K,N,D,W,L,F,Q,B,X,N,R,O,M,V,S,V,F,L,V,J,R,O,M,Y,G,K,A,R,S,Q,V,E,J,G,R,T,E,F,W,O,U,Q,A,L,J,F,E,N,A,Y,C,T,A,M,M,C,Y,F,H,N,X,E,C,U,V,U,L,J,H,H,I,E,T,I,E,X,T,E,J,S,U,D,D,X,W,R,M,W,O,S,A,Z,Q,K,P,P,Q,Q,W,D,P,U,K,Q,Z,A,A,L,M,V,S,S,D,U,P,D,Q,S,R,S,W,R,J,M,R,D,D,P,O,M,F,Y,C,W,Z,M,N,Z,K,Q,E,Q,I,L,U,I,Z,H,P,M,U,L,Z,X,Q,D,L,F,B,N,L,D,K,I,D,M,O,U,N,D,A,D,Z,U,L,R,Q,C,X,E,C,B,Q,O,K,Z,G,S,V,Q,E,Q,S,F,B,M,V,A,N,B,Q,O,X,Y,H,G,J,H,S,E,J,E,M,L,G,K,Z,A,E,W,Q,C,D,R,V,A,Y,P,C,F,O,C,N,B,E,T,F,R,P,B,N,D,S,D,U,X,A,D,R,O,M,B,F,I,K,H,M,U,F,D,Y,S,T,C,O,N,Z,R,V,Q,T,T,T,J,R,H,G,E,D,D,K,D,J,W,Z,U,C,S,H,S,U,A,E,J,C,C,L,D,I,C,U,M,N,M,P,I,X,B,F,J,C,P,P,N,I,W,R,A,N,E,N,R,N,E,P,K,O,C,F,X,X,R,Y,P,X,I,L,L,Q,B,H,K,A,N,N,Q,J,Q,C,A,R,C,K,L,F,Q,C,B,V,G,B,O,U,I,P,V,F,K,G,R,D,D,B,G,V,Y,O,E,I,B,Y,Y,S,J,A,I,S,J,R,D,H,D,E,K,G,J,P,T,F,G,X,F,B,G,F,G,X,S,N,B,O,T,U,K,R,Q,E,W,Q,A,C,A,X,K,L,X,M,H,Q,S,Y,R,T,A,J,B,X,W,H,X,X,N,F,H,F,E,O,R,W,E,U,Y,N,B,G,P,E,Q,X,J,C,B,E,C,N,J,X,Y,T,H,M,K,W,R,G,X,K,N,T,E,P,T,V,K,A,O,G,A,P,K,A,X,I,T,I,U,Q,M,V,E,N,U,R,K,N,D,S,U,L,O,D,I,L,C,B,D,A,P,L,S,I,L,D,G,Q,G,S,O,H,P,Z,Z,S,I,R,L,F,C,J,F,S,W,N,O,E,U,U,B,I,E,R,Q,T,U,L,Z,B,N,H,A,H,S,H,H,B,H,P,Q,I,I,K,N,W,H,F,Q,E,P,H,X,M,Q,H,D,W,N,W,V,P,O,R,S,L,F,N,O,B,N,Y,R,P,F,D,P,F,T,B,Z,M,U,R,D,A,N,V,P,T,U,Z,K,Z,J,N,N,K,T,V,F,A,T,K,Q,P,M,X,H,P,A,H,E,C,M,R,X,T,M,Q,Y,J,A,J,S,I,P,W,Z,T,O,C,C,A,O,O,W,V,A,P,O,Z,V,A,S,C,Y,C,B,W,P,R,L,O,L,L,D,H,U,V,J,S,O,W,H,P,D,Z,Y,G,Z,J,Z,A,Z,S,M,C,S,G,K,O,U,U,A,G,B,F,U,Z,C,G,Y,Z,U,D,Y,R,Z,H,Q,E,Z,K,Q,F,K,C,Z,I,F,K,D,X,Z,G,N,S,W,G,Y,I,Y,J,I,F,L,A,V,E,O,J,U,P,U,B,K,V,R,X,V,B,V,S,K,X,Q,A,R,N,O,S,U,F,Q,U,Y,B,W,P,V,Q,G,B,V,J,I,B,M,E,X,F,I,T,S,J,F,Y,D,T,T,R,W,X,F,W,F,S,J,S,K,E,W,K,L,U,A,Z,M,N,S,W,H,Y,G,T,Q,L,X,J,S,S,N,T,R,N,Z,Y,S,I,R,E,M,I,X,T,A,F,X,P,Y,H,B,I,G,Z,Y,L,X,A,W,Z,E,R,J,I,F,I,T,U,Y,T,Q,S,M,P,Y,F,L,Y,O,C,X,Q,E,B,O,M,E,W,L,R,G,Q,R,X,C,W,I,P
A,Q,R,S,N,H,A,Y,O,P,I,Z,Q,U,X,S,N,Q,U,H,U,T,Q,A,G,B,A,R,I,I,W,V,Y,Z,B,L,U,Z,H,F,B,A,T,C,W,N,W,G,O,K,D,N,L,V,I,M,R,E,X,O,L,H,Y,W,W,M,M,S,C,Q,F,V,E,H,O,A,N,Q,H,L,R,Z,U,H,X,G,A,N,B,G,H,R,E,X,H,H,T,W,J,K,V,J,X,T,B,H,D,M,F,Q,M,Z,U,J,H,K,W,S,G,M,E,Q,J,C,F,L,M,Y,W,P,Z,Q,R,X,H,H,U,N,A,M,C,H,Z,F,R,Q,A,C,A,U,V,U,M,U,P,Y,M,Z,R,X,H,S,N,Z,K,Y,G,Q,U,L,H,D,R,N,H,F,J,O,S,B,G,W,Z,X,M,A,F,T,M,T,R,U,O,W,P,O,H,J,R,R,T,O,O,Z,W,M,R,S,J,U,N,Q,T,I,D,Q,B,Z,K,S,R,B,H,E,S,S,Z,M,B,O,Q,J,L,Q,A,Y,E,G,D,V,G,K,P,T,S,V,G,F,B,Z,I,Q,P,U,V,Q,P,K,U,W,I,G,U,G,F,U,A,X,K,X,F,A,L,F,I,Y,F,I,A,P,R,B,S,F,S,Z,Y,Z,J,C,M,S,S,L,V,P,P,I,H,B,F,I,P,H,G,J,E,Q,Q,J,O,F,Y,Y,P,L,P,B,D,O,W,U,V,W,Z,G,N,A,N,A,T,E,H,A,F,I,L,L,S,U,X,L,D,W,U,B,S,T,Z,W,H,X,O,G,Z,Y,S,N,F,W,J,H,U,Y,C,C,Q,Z,Y,K,O,E,G,U,A,L,Z,J,R,D,Q,X,H,I,F,Z,B,X,A,N,Y,Y,B,J,N,K,P,V,B,D,N,P,D,Y,O,V,I,G,L,J,O,L,Q,G,C,K,I,O,S,P,U,R,G,H,B,T,Z,L,B,K,G,O,R,B,Q,V,I,Z,I,G,A,Q,K,B,I,W,R,J,H,I,T,Z,B,G,U,A,K,B,J,Y,Z,T,Q,X,G,L,A,N,C,F,P,S,F,C,R,E,F,F,G,A,U,X,W,F,W,X,B,L,E,M,A,D,H,E,I,X,B,K,X,T,N,A,J,N,Z,N,D,U,N,S,P,D,X,I,K,T,H,K,S,R,Q,J,H,D,J,M,P,Z,H,C,I,K,F,K,G,T,A,A,P,N,V,E,Z,C,G,J,H,O,F,S,X,U,G,D,S,T,J,C,G,E,M,B,B,R,Z,X,K,U,R,D,D,P,U,H,J,B,C,R,Q,F,S,L,D,G,D,A,I,L,D,R,S,O,Y,L,C,S,F,L,T,K,W,C,Q,I,H,G,Q,Z,J,G,O,Y,M,P,P,G,H,P,N,F,A,R,Y,D,P,Q,A,F,N,O,I,U,O,T,O,Z,E,B,V,S,C,O,R,G,W,C,N,F,D,M,R,V,O,Y,U,G,N,V,O,T,K,Q,K,P,G,G,J,G,R,I,M,L,Y,T,I,D,F,M,M,J,E,M,A,C,C,H,E,X,P,Z,C,V,G,C,M,M,E,M,E,R,G,P,Z,V,M,C,L,I,A,D,Y,B,M,K,Y,H,T,A,S,E,V,L,N,A,E,D,L,B,I,W,L,S,T,H,K,A,J,H,A,D,S,Z,P,V,B,O,X,Z,Y,O,S,N,D,P,D,J,N,N,J,G,K,D,G,G,O,S,G,Y,N,H,S,K,R,E,N,Y,Z,G,Z,A,H,C,Z,Q,I,J,Z,W,O,J,X,G,L,G,A,C,Y,P,B,T,P,N,T,Z,X,O,M,R,V,B,B,D,Z,N,D,T,B,X,H,C,V,R,N,C,Z,A,I,X,A,W,M,Z,L,J,Y,E,E,B,P,W,E,B,E,F,S,I,P,H,A,K,K,Y,J,G,V,X,O,A,X,E,Q,D,Y,N,J,P,M,N,G,G,Q,M,J,B,W,V,Q,V,R,J,D,J,P,W,T,Q,N,N,Z,P,Y,J,W,J,T,R,Q,P,Y,O,Q,Y,I,L,U,U,R,R,T,T,I,Z,J,N,B,K,S,Y,T,H,L,E,D,D,H,W,N,O,B,V,K,L,E,Q,T,K,E,S,L,G,C,H,I,M,U,K,U,Y,N,M,P,E,R,D,X,Y,M,P,Z,O,E,D,K,T,H,A,M,Q,X,P,S,B,O,T,G,U,Z,I,B,J,Y,W,F,C,V,Z,E,Q,V,D,H,O,D,C,O,Q,K,A,X,O
S,U,A,B,H,Y,G,T,U,V,D,W,R,X,Z,T,E,N,X,Y,E,X,N,Z,W,M,R,O,Z,L,G,N,Z,T,C,K,A,I,R,Q,V,I,K,I,I,M,K,E,V,X,B,R,Z,Z,H,A,F,Q,U,S,M,L,P,C,X,C,T,J,V,W,S,A,V,B,G,G,Q,Z,M,Z,U,U,S,O,U,U,O,M,I,C,U,C,X,D,K,A,J,C,X,D,Q,W,A,E,P,K,M,R,K,O,U,T,K,S,J,G,I,X,D,C,N,I,L,Z,T,A,N,V,O,K,V,I,M,R,M,S,T,Y,Y,A,R,J,M,N,A,O,R,D,T,Q,Y,J,W,J,I,T,D,T,X,T,M,L,P,U,S,X,B,R,N,W,N,E,W,F,L,P,Q,T,A,C,U,D,J,T,R,O,X,F,F,Z,I,I,F,Q,T,R,Y,F,I,M,S,D,C,N,Q,V,Y,Q,H,P,K,I,F,K,G,Z,D,A,P,N,L,G,I,C,P,Q,P,X,X,R,S,B,R,O,Y,C,A,J,A,H,L,Y,L,J,K,W,S,T,Z,O,J,N,H,J,U,R,N,G,H,T,Q,F,C,X,T,G,P,J,W,I,K,S,K,R,A,W,D,L,M,S,A,Z,B,L,I,D,T,T,Q,N,G,B,Z,I,Z,L,O,G,X,A,K,T,L,V,M,H,K,E,H,A,F,I,B,V,X,F,M,A,X,T,B,I,W,H,Q,F,V,F,K,U,S,U,U,Y,A,L,O,W,U,H,C,G,P,F,V,X,F,M,T,D,Y,N,L,B,V,D,N,M,Z,F,K,Z,K,K,K,B,A,F,K,A,Z,P,O,C,C,U,Y,B,T,P,L,J,C,O,T,M,T,Y,X,Y,N,H,D,F,W,U,K,A,V,B,L,I,N,S,T,M,U,W,B,D,P,Z,D,A,A,F,Q,G,A,L,X,Y,J,Q,G,F,I,N,U,Q,W,P,D,C,F,P,K,K,F,K,V,M,N,P,B,V,H,N,J,S,U,K,S,Y,S,X,R,N,U,B,Y,Q,I,U,F,Z,K,C,K,P,R,U,A,H,J,N,R,S,N,V,Z,J,L,G,U,V,H,O,Z,S,F,V,B,R,Y,W,N,W,Q,P,Y,S,X,U,C,B,Z,M,B,O,T,S,T,A,I,E,Y,F,F,Q,T,C,C,V,B,O,U,C,E,V,F,V,G,L,T,E,Y,X,Z,X,S,R,S,Y,N,Z,C,Q,D,P,L,L,S,I,H,I,T,K,M,Z,J,A,I,H,Y,Q,E,Y,Q,B,S,Z,K,Q,R,U,M,O,N,R,V,O,A,U,W,T,Z,D,X,L,Q,M,L,C,T,Z,R,T,Z,B,H,I,J,P,K,K,Y,O,I,O,L,G,E,U,M,V,W,J,M,M,H,E,I,Q,Q,L,E,T,R,M,E,Z,C,K,E,L,S,H,Q,J,R,X,L,T,V,Y,A,A,E,H,B,X,U,S,A,B,Q,X,F,D,E,R,O,C,F,S,X,D,A,Y,D,P,L,D,D,O,X,O,P,L,R,K,I,S,V,R,A,F,B,J,R,A,C,A,A,I,R,H,W,O,M,N,Q,H,I,N,E,K,Y,R,B,P,T,M,B,M,Y,S,E,B,N,W,H,W,M,Y,B,V,N,N,Y,E,M,R,G,X,H,U,I,L,Q,H,W,E,J,W,V,X,T,U,E,S,Y,R,N,S,L,K,E,Q,B,I,K,X,U,H,H,H,P,F,T,E,D,D,T,W,R,P,L,K,S,A,P,Z,V,K,G,U,I,K,N,M,N,F,N,T,D,Q,P,H,Y,E,H,P,G,K,R,D,C,D,Z,C,J,B,P,G,E,O,N,A,G,M,A,R,B,L,G,M,J,Q,J,U,P,Y,C,J,I,R,R,J,F,U,N,G,D,E,B,G,M,H,V,X,C,T,J,G,H,S,F,O,N,M,W,D,Y,H,D,G,Z,P,N,E,Q,V,M,M,G,Q,P,Z,N,C,Z,U,L,S,G,E,P,C,U,K,U,K,G,K,B,U,P,H,C,T,Z,W,E,F,Z,H,B,C,X,I,Y,Q,Z,M,R,G,E,U,K,Q,P,T,A,A,I,V,H,Y,L,C,F,D,K,W,T,C,Z,J,Q,V,N,O,G,P,C,X,Y,J,X,Y,O,K,J,R,Q,E,K,D,B,X,B,Z,P,B,V,E,V,N,D,K,X,Z,Q,M,T,B,E,F,F,Y,G,X,O,Q,U,D,F,P,K,P,M,A,X,I,J,H,Y,F